zip_code,facility_id,expand_amount,expand_segment,initial_capacity,final_capacity_est
10001,297,8.0,0%-10%,84.0,92.0
10001,6079,1.0,0%-10%,79.0,80.0
10001,10983,8.0,0%-10%,88.0,96.0
10001,12599,29.0,0%-10%,292.0,321.0
10002,469,26.0,0%-10%,306.0,332.0
10002,542,13.0,0%-10%,141.0,154.0
10002,753,16.0,0%-10%,172.0,188.0
10002,937,22.0,0%-10%,235.0,257.0
10002,1400,8.0,10%-15%,75.0,83.0
10002,1641,18.0,0%-10%,198.0,216.0
10002,2587,10.0,0%-10%,114.0,124.0
10002,3446,10.0,0%-10%,110.0,120.0
10002,3767,20.0,0%-10%,217.0,237.0
10002,3933,17.0,0%-10%,188.0,205.0
10002,5136,6.0,10%-15%,60.0,66.0
10002,6564,10.0,0%-10%,111.0,121.0
10002,6845,9.0,0%-10%,107.0,116.0
10002,7960,29.0,10%-15%,200.0,229.0
10002,8014,27.0,0%-10%,285.0,312.0
10002,8358,15.0,0%-10%,160.0,175.0
10002,9057,10.0,0%-10%,114.0,124.0
10002,9211,5.0,0%-10%,61.0,66.0
10002,9330,21.0,0%-10%,221.0,242.0
10002,10177,23.0,0%-10%,242.0,265.0
10002,10451,25.0,0%-10%,260.0,285.0
10002,10544,3.0,0%-10%,47.0,50.0
10002,11315,7.0,0%-10%,77.0,84.0
10002,11471,20.0,0%-10%,202.0,222.0
10002,11805,15.0,0%-10%,159.0,174.0
10002,12089,14.0,0%-10%,140.0,154.0
10002,15171,11.0,0%-10%,110.0,121.0
10003,1980,20.0,0%-10%,217.0,237.0
10003,7784,48.0,0%-10%,483.0,531.0
10003,9413,45.0,0%-10%,457.0,502.0
10003,12410,47.0,0%-10%,479.0,526.0
10004,3798,2.0,15%-20%,13.0,15.0
10004,10890,37.0,10%-15%,250.0,287.0
10006,14868,22.0,10%-15%,156.0,178.0
10007,9839,4.0,0%-10%,180.0,184.0
10009,683,8.0,0%-10%,81.0,89.0
10009,4542,29.0,0%-10%,329.0,358.0
10009,6986,8.0,0%-10%,300.0,308.0
10009,11868,1.0,0%-10%,16.0,17.0
10011,8354,40.0,0%-10%,400.0,440.0
10011,8519,38.0,0%-10%,380.0,418.0
10011,11892,67.0,0%-10%,672.0,739.0
10011,12835,19.0,0%-10%,261.0,280.0
10013,2930,12.0,0%-10%,161.0,173.0
10013,4351,21.0,0%-10%,218.0,239.0
10014,4888,14.0,0%-10%,140.0,154.0
10014,5638,28.0,0%-10%,281.0,309.0
10014,7712,58.0,0%-10%,585.0,643.0
10014,10793,8.0,10%-15%,57.0,65.0
10014,13439,86.0,10%-15%,574.0,660.0
10014,14576,7.0,0%-10%,74.0,81.0
10019,5280,11.0,0%-10%,127.0,138.0
10019,8050,22.0,0%-10%,229.0,251.0
10023,1151,45.0,10%-15%,300.0,345.0
10023,2098,14.0,10%-15%,96.0,110.0
10023,3314,2.0,10%-15%,16.0,18.0
10023,5318,18.0,15%-20%,92.0,110.0
10023,8541,33.0,10%-15%,226.0,259.0
10023,10516,30.0,10%-15%,201.0,231.0
10023,14111,6.0,10%-15%,40.0,46.0
10023,14547,18.0,10%-15%,120.0,138.0
10024,968,12.0,0%-10%,120.0,132.0
10024,3826,12.0,0%-10%,120.0,132.0
10024,8299,5.0,0%-10%,116.0,121.0
10024,10928,16.0,0%-10%,161.0,177.0
10024,14447,54.0,0%-10%,540.0,594.0
10025,3726,28.0,0%-10%,280.0,308.0
10025,10680,14.0,0%-10%,199.0,213.0
10025,11441,11.0,0%-10%,126.0,137.0
10025,12439,56.0,0%-10%,560.0,616.0
10026,2707,19.0,0%-10%,195.0,214.0
10026,4873,5.0,0%-10%,170.0,175.0
10026,11660,22.0,0%-10%,229.0,251.0
10026,15508,18.0,0%-10%,183.0,201.0
10027,587,13.0,0%-10%,136.0,149.0
10027,2300,15.0,0%-10%,154.0,169.0
10027,2519,24.0,0%-10%,240.0,264.0
10027,3162,44.0,0%-10%,443.0,487.0
10027,4213,13.0,0%-10%,135.0,148.0
10027,5877,17.0,0%-10%,179.0,196.0
10027,7567,14.0,0%-10%,149.0,163.0
10027,7640,12.0,0%-10%,120.0,132.0
10027,7967,14.0,0%-10%,142.0,156.0
10027,8318,29.0,0%-10%,291.0,320.0
10027,11403,13.0,0%-10%,136.0,149.0
10027,12021,2.0,0%-10%,114.0,116.0
10027,14564,14.0,0%-10%,140.0,154.0
10028,14268,10.0,0%-10%,316.0,326.0
10029,160,7.0,0%-10%,77.0,84.0
10029,232,9.0,0%-10%,97.0,106.0
10029,234,7.0,0%-10%,74.0,81.0
10029,363,19.0,0%-10%,199.0,218.0
10029,1016,18.0,0%-10%,185.0,203.0
10029,2429,14.0,0%-10%,145.0,159.0
10029,2520,29.0,0%-10%,290.0,319.0
10029,2829,1.0,0%-10%,72.0,73.0
10029,4485,16.0,0%-10%,160.0,176.0
10029,4916,10.0,0%-10%,100.0,110.0
10029,4987,16.0,0%-10%,163.0,179.0
10029,5028,23.0,0%-10%,230.0,253.0
10029,6937,14.0,0%-10%,140.0,154.0
10029,7049,8.0,0%-10%,89.0,97.0
10029,9589,8.0,0%-10%,80.0,88.0
10029,10326,8.0,0%-10%,80.0,88.0
10029,14107,14.0,0%-10%,160.0,174.0
10029,14507,12.0,0%-10%,127.0,139.0
10029,14522,11.0,0%-10%,115.0,126.0
10030,3705,18.0,0%-10%,180.0,198.0
10030,9227,8.0,0%-10%,140.0,148.0
10030,10896,22.0,0%-10%,225.0,247.0
10031,2564,26.0,0%-10%,297.0,323.0
10031,5524,6.0,0%-10%,80.0,86.0
10031,7457,14.0,0%-10%,145.0,159.0
10031,9562,12.0,0%-10%,120.0,132.0
10031,15310,15.0,0%-10%,150.0,165.0
10032,1564,5.0,0%-10%,54.0,59.0
10032,2081,15.0,10%-15%,100.0,115.0
10032,2208,18.0,10%-15%,120.0,138.0
10032,3739,6.0,0%-10%,65.0,71.0
10032,4244,1.0,0%-10%,38.0,39.0
10032,4755,5.0,0%-10%,58.0,63.0
10032,4810,72.0,10%-15%,480.0,552.0
10032,4840,31.0,10%-15%,209.0,240.0
10032,6950,20.0,10%-15%,138.0,158.0
10032,7316,17.0,10%-15%,116.0,133.0
10032,8476,48.0,0%-10%,486.0,534.0
10032,11372,32.0,10%-15%,218.0,250.0
10032,12140,1.0,0%-10%,16.0,17.0
10032,12174,21.0,10%-15%,140.0,161.0
10033,120,15.0,0%-10%,152.0,167.0
10033,799,15.0,0%-10%,154.0,169.0
10033,4392,36.0,0%-10%,366.0,402.0
10033,5978,19.0,0%-10%,199.0,218.0
10033,7452,11.0,0%-10%,150.0,161.0
10033,9787,18.0,0%-10%,181.0,199.0
10033,10796,24.0,0%-10%,248.0,272.0
10034,3583,38.0,0%-10%,388.0,426.0
10034,5909,67.0,0%-10%,677.0,744.0
10034,7072,7.0,0%-10%,131.0,138.0
10034,7319,14.0,0%-10%,140.0,154.0
10034,10763,18.0,0%-10%,180.0,198.0
10035,1238,10.0,0%-10%,108.0,118.0
10035,4609,12.0,0%-10%,120.0,132.0
10035,4623,6.0,0%-10%,65.0,71.0
10035,5207,6.0,0%-10%,61.0,67.0
10035,5341,10.0,10%-15%,80.0,90.0
10035,6662,12.0,0%-10%,126.0,138.0
10035,9961,25.0,0%-10%,252.0,277.0
10035,10837,24.0,0%-10%,245.0,269.0
10035,11754,22.0,0%-10%,227.0,249.0
10035,11881,20.0,0%-10%,200.0,220.0
10035,13520,28.0,10%-15%,191.0,219.0
10035,14041,13.0,0%-10%,137.0,150.0
10036,3279,23.0,0%-10%,249.0,272.0
10037,2206,17.0,0%-10%,170.0,187.0
10037,3313,13.0,10%-15%,104.0,117.0
10037,3437,13.0,0%-10%,130.0,143.0
10038,72,10.0,0%-10%,100.0,110.0
10038,451,8.0,0%-10%,86.0,94.0
10038,1937,20.0,10%-15%,138.0,158.0
10038,2885,3.0,0%-10%,39.0,42.0
10038,7605,8.0,0%-10%,89.0,97.0
10038,8335,44.0,10%-15%,298.0,342.0
10038,14744,2.0,0%-10%,39.0,41.0
10039,1215,24.0,0%-10%,240.0,264.0
10039,8776,24.0,0%-10%,243.0,267.0
10039,10692,18.0,0%-10%,240.0,258.0
10040,5987,24.0,0%-10%,246.0,270.0
10040,6047,17.0,0%-10%,175.0,192.0
10040,8463,29.0,0%-10%,298.0,327.0
10040,9436,2.0,0%-10%,123.0,125.0
10040,9781,42.0,0%-10%,472.0,514.0
10044,6283,11.0,0%-10%,151.0,162.0
10044,6991,15.0,0%-10%,157.0,172.0
10065,13479,1.0,0%-10%,202.0,203.0
10065,14164,46.0,0%-10%,469.0,515.0
10075,11626,29.0,10%-15%,235.0,264.0
10128,8473,11.0,0%-10%,186.0,197.0
10280,6900,12.0,0%-10%,509.0,521.0
10282,2492,29.0,10%-15%,269.0,298.0
10301,7441,12.0,0%-10%,300.0,312.0
10301,8104,32.0,0%-10%,326.0,358.0
10302,3197,5.0,0%-10%,120.0,125.0
10302,8602,13.0,0%-10%,134.0,147.0
10302,9696,24.0,0%-10%,240.0,264.0
10303,5740,24.0,0%-10%,240.0,264.0
10303,6531,16.0,0%-10%,160.0,176.0
10303,9422,2.0,0%-10%,149.0,151.0
10304,3036,9.0,0%-10%,248.0,257.0
10304,5499,39.0,0%-10%,437.0,476.0
10304,13108,1.0,0%-10%,16.0,17.0
10305,1030,14.0,0%-10%,143.0,157.0
10305,2272,2.0,0%-10%,34.0,36.0
10305,3665,14.0,0%-10%,144.0,158.0
10305,4775,6.0,0%-10%,69.0,75.0
10305,7875,6.0,0%-10%,68.0,74.0
10305,14989,10.0,0%-10%,114.0,124.0
10306,2721,3.0,0%-10%,36.0,39.0
10306,3018,17.0,0%-10%,170.0,187.0
10306,3287,6.0,0%-10%,66.0,72.0
10306,9672,12.0,0%-10%,120.0,132.0
10307,4427,6.0,0%-10%,62.0,68.0
10307,8249,21.0,10%-15%,146.0,167.0
10307,14681,5.0,0%-10%,51.0,56.0
10308,3936,14.0,0%-10%,144.0,158.0
10308,6398,9.0,0%-10%,95.0,104.0
10308,15188,15.0,0%-10%,152.0,167.0
10309,294,18.0,10%-15%,122.0,140.0
10309,5177,18.0,10%-15%,120.0,138.0
10309,9225,1.0,0%-10%,13.0,14.0
10309,11118,4.0,10%-15%,33.0,37.0
10310,9893,2.0,0%-10%,110.0,112.0
10310,10838,14.0,0%-10%,143.0,157.0
10310,11543,29.0,0%-10%,290.0,319.0
10312,7995,38.0,0%-10%,400.0,438.0
10314,3704,15.0,0%-10%,155.0,170.0
10314,6208,89.0,0%-10%,890.0,979.0
10314,9139,9.0,0%-10%,126.0,135.0
10451,2072,1.0,0%-10%,120.0,121.0
10451,5509,24.0,0%-10%,240.0,264.0
10451,5910,26.0,0%-10%,260.0,286.0
10451,8356,15.0,0%-10%,159.0,174.0
10451,10552,12.0,0%-10%,120.0,132.0
10451,10858,24.0,0%-10%,240.0,264.0
10451,13363,14.0,0%-10%,140.0,154.0
10451,14747,14.0,0%-10%,140.0,154.0
10452,447,36.0,10%-15%,244.0,280.0
10452,727,54.0,10%-15%,363.0,417.0
10452,1473,1.0,0%-10%,16.0,17.0
10452,1916,23.0,10%-15%,159.0,182.0
10452,1936,22.0,10%-15%,150.0,172.0
10452,1967,7.0,0%-10%,70.0,77.0
10452,2510,39.0,10%-15%,266.0,305.0
10452,2517,51.0,10%-15%,340.0,391.0
10452,4440,9.0,0%-10%,92.0,101.0
10452,4804,12.0,0%-10%,120.0,132.0
10452,5276,43.0,10%-15%,290.0,333.0
10452,5971,1.0,0%-10%,16.0,17.0
10452,6185,34.0,0%-10%,340.0,374.0
10452,8147,1.0,0%-10%,16.0,17.0
10452,8260,5.0,0%-10%,57.0,62.0
10452,8566,10.0,0%-10%,100.0,110.0
10452,9499,17.0,0%-10%,171.0,188.0
10452,9549,9.0,0%-10%,95.0,104.0
10452,11598,5.0,0%-10%,52.0,57.0
10452,11644,24.0,0%-10%,240.0,264.0
10452,12041,1.0,0%-10%,16.0,17.0
10452,12192,4.0,0%-10%,47.0,51.0
10452,12845,27.0,10%-15%,184.0,211.0
10452,12988,4.0,0%-10%,42.0,46.0
10452,13089,1.0,0%-10%,16.0,17.0
10452,14921,1.0,0%-10%,16.0,17.0
10453,421,18.0,10%-15%,120.0,138.0
10453,1468,15.0,10%-15%,100.0,115.0
10453,1815,6.0,0%-10%,60.0,66.0
10453,3081,1.0,0%-10%,16.0,17.0
10453,3452,4.0,0%-10%,40.0,44.0
10453,3807,69.0,10%-15%,464.0,533.0
10453,4125,1.0,0%-10%,16.0,17.0
10453,4724,35.0,10%-15%,236.0,271.0
10453,5026,1.0,0%-10%,16.0,17.0
10453,5164,12.0,10%-15%,80.0,92.0
10453,6054,24.0,10%-15%,162.0,186.0
10453,6096,27.0,10%-15%,180.0,207.0
10453,6472,1.0,0%-10%,16.0,17.0
10453,6797,1.0,0%-10%,16.0,17.0
10453,6932,1.0,0%-10%,16.0,17.0
10453,7739,31.0,0%-10%,313.0,344.0
10453,8195,42.0,0%-10%,420.0,462.0
10453,8227,1.0,0%-10%,16.0,17.0
10453,8682,1.0,0%-10%,16.0,17.0
10453,8926,1.0,0%-10%,16.0,17.0
10453,9569,16.0,10%-15%,110.0,126.0
10453,9570,1.0,0%-10%,16.0,17.0
10453,9983,1.0,0%-10%,16.0,17.0
10453,10467,40.0,10%-15%,269.0,309.0
10453,10553,1.0,0%-10%,16.0,17.0
10453,10582,1.0,0%-10%,16.0,17.0
10453,10947,1.0,0%-10%,16.0,17.0
10453,11095,1.0,0%-10%,16.0,17.0
10453,11457,3.0,0%-10%,30.0,33.0
10453,11603,33.0,0%-10%,332.0,365.0
10453,12054,17.0,10%-15%,115.0,132.0
10453,13094,3.0,0%-10%,38.0,41.0
10453,13365,1.0,0%-10%,16.0,17.0
10453,13689,1.0,0%-10%,16.0,17.0
10453,14003,5.0,0%-10%,51.0,56.0
10453,14476,31.0,10%-15%,208.0,239.0
10453,14667,1.0,0%-10%,16.0,17.0
10453,14846,1.0,0%-10%,16.0,17.0
10453,14881,1.0,0%-10%,16.0,17.0
10454,598,20.0,0%-10%,200.0,220.0
10454,1098,24.0,10%-15%,160.0,184.0
10454,1529,9.0,0%-10%,90.0,99.0
10454,4188,30.0,10%-15%,206.0,236.0
10454,4887,42.0,10%-15%,280.0,322.0
10454,5586,19.0,10%-15%,133.0,152.0
10454,5608,24.0,10%-15%,160.0,184.0
10454,6966,5.0,0%-10%,59.0,64.0
10454,8301,15.0,10%-15%,103.0,118.0
10454,8444,14.0,0%-10%,160.0,174.0
10454,8456,27.0,10%-15%,183.0,210.0
10454,9230,8.0,0%-10%,80.0,88.0
10454,9493,11.0,0%-10%,110.0,121.0
10454,10832,14.0,10%-15%,98.0,112.0
10454,11149,36.0,10%-15%,240.0,276.0
10454,12690,3.0,0%-10%,34.0,37.0
10454,12824,12.0,0%-10%,128.0,140.0
10454,13467,1.0,0%-10%,16.0,17.0
10455,746,7.0,0%-10%,205.0,212.0
10455,2471,21.0,0%-10%,217.0,238.0
10455,6133,1.0,0%-10%,16.0,17.0
10455,7622,35.0,0%-10%,353.0,388.0
10455,9075,1.0,0%-10%,16.0,17.0
10455,11432,6.0,0%-10%,60.0,66.0
10455,13633,1.0,0%-10%,16.0,17.0
10456,116,7.0,0%-10%,79.0,86.0
10456,145,5.0,0%-10%,53.0,58.0
10456,1221,15.0,10%-15%,106.0,121.0
10456,1585,3.0,0%-10%,34.0,37.0
10456,1612,36.0,0%-10%,360.0,396.0
10456,2943,12.0,0%-10%,120.0,132.0
10456,3305,8.0,0%-10%,80.0,88.0
10456,3584,4.0,0%-10%,40.0,44.0
10456,4186,11.0,0%-10%,110.0,121.0
10456,4589,22.0,0%-10%,220.0,242.0
10456,5128,16.0,0%-10%,160.0,176.0
10456,6933,1.0,0%-10%,16.0,17.0
10456,7299,1.0,0%-10%,16.0,17.0
10456,7648,1.0,0%-10%,16.0,17.0
10456,8087,26.0,10%-15%,177.0,203.0
10456,8425,36.0,10%-15%,240.0,276.0
10456,8497,36.0,10%-15%,243.0,279.0
10456,8722,25.0,0%-10%,253.0,278.0
10456,9155,20.0,0%-10%,220.0,240.0
10456,9296,26.0,0%-10%,260.0,286.0
10456,9408,11.0,0%-10%,120.0,131.0
10456,9543,22.0,10%-15%,148.0,170.0
10456,10268,4.0,0%-10%,40.0,44.0
10456,11137,1.0,0%-10%,16.0,17.0
10456,11279,16.0,0%-10%,160.0,176.0
10456,11362,28.0,0%-10%,281.0,309.0
10456,11509,31.0,0%-10%,310.0,341.0
10456,12683,31.0,0%-10%,317.0,348.0
10456,13492,24.0,0%-10%,240.0,264.0
10457,248,25.0,0%-10%,257.0,282.0
10457,2330,28.0,0%-10%,314.0,342.0
10457,3067,1.0,0%-10%,16.0,17.0
10457,3324,22.0,0%-10%,220.0,242.0
10457,3898,7.0,0%-10%,80.0,87.0
10457,4461,12.0,0%-10%,120.0,132.0
10457,4798,10.0,0%-10%,100.0,110.0
10457,5976,23.0,0%-10%,239.0,262.0
10457,7233,25.0,0%-10%,257.0,282.0
10457,7343,20.0,0%-10%,200.0,220.0
10457,7476,23.0,0%-10%,235.0,258.0
10457,8242,20.0,0%-10%,206.0,226.0
10457,8504,1.0,0%-10%,16.0,17.0
10457,8899,12.0,0%-10%,120.0,132.0
10457,9079,18.0,0%-10%,180.0,198.0
10457,9120,1.0,0%-10%,16.0,17.0
10457,9370,14.0,0%-10%,141.0,155.0
10457,10424,39.0,0%-10%,399.0,438.0
10457,10660,1.0,0%-10%,16.0,17.0
10457,11859,1.0,0%-10%,16.0,17.0
10457,12926,20.0,0%-10%,205.0,225.0
10457,15402,1.0,0%-10%,16.0,17.0
10458,1350,1.0,0%-10%,16.0,17.0
10458,3256,1.0,0%-10%,16.0,17.0
10458,3381,1.0,0%-10%,16.0,17.0
10458,4560,25.0,0%-10%,250.0,275.0
10458,4946,21.0,0%-10%,214.0,235.0
10458,6556,20.0,0%-10%,200.0,220.0
10458,8808,6.0,0%-10%,60.0,66.0
10458,8894,18.0,0%-10%,180.0,198.0
10458,9405,1.0,0%-10%,16.0,17.0
10458,12244,13.0,0%-10%,164.0,177.0
10458,13171,17.0,0%-10%,178.0,195.0
10459,257,39.0,10%-15%,260.0,299.0
10459,808,7.0,0%-10%,74.0,81.0
10459,922,29.0,0%-10%,295.0,324.0
10459,2197,56.0,0%-10%,561.0,617.0
10459,2395,9.0,0%-10%,90.0,99.0
10459,3349,25.0,0%-10%,257.0,282.0
10459,4042,2.0,0%-10%,25.0,27.0
10459,6307,1.0,0%-10%,16.0,17.0
10459,7067,1.0,0%-10%,16.0,17.0
10459,7202,18.0,0%-10%,180.0,198.0
10459,10573,16.0,0%-10%,160.0,176.0
10459,13116,24.0,0%-10%,240.0,264.0
10459,13433,1.0,0%-10%,16.0,17.0
10459,13649,4.0,0%-10%,44.0,48.0
10459,14101,1.0,0%-10%,21.0,22.0
10459,15274,11.0,0%-10%,117.0,128.0
10459,15351,5.0,0%-10%,57.0,62.0
10460,460,8.0,0%-10%,80.0,88.0
10460,561,18.0,0%-10%,180.0,198.0
10460,4097,2.0,0%-10%,60.0,62.0
10460,5417,50.0,0%-10%,500.0,550.0
10460,6424,9.0,0%-10%,91.0,100.0
10460,7625,22.0,0%-10%,229.0,251.0
10460,8399,14.0,0%-10%,145.0,159.0
10460,9337,15.0,0%-10%,150.0,165.0
10460,9665,16.0,0%-10%,160.0,176.0
10460,10350,11.0,0%-10%,117.0,128.0
10460,10645,16.0,0%-10%,180.0,196.0
10460,12814,14.0,0%-10%,140.0,154.0
10460,13226,22.0,0%-10%,250.0,272.0
10460,13253,25.0,0%-10%,250.0,275.0
10460,13343,12.0,0%-10%,125.0,137.0
10460,14488,1.0,0%-10%,16.0,17.0
10460,14555,1.0,0%-10%,16.0,17.0
10461,2763,10.0,0%-10%,220.0,230.0
10461,4382,24.0,0%-10%,240.0,264.0
10462,47,24.0,0%-10%,245.0,269.0
10462,6072,9.0,0%-10%,154.0,163.0
10462,8594,16.0,0%-10%,161.0,177.0
10462,8738,11.0,0%-10%,120.0,131.0
10462,9388,1.0,0%-10%,16.0,17.0
10462,9866,22.0,0%-10%,222.0,244.0
10462,11320,35.0,0%-10%,359.0,394.0
10462,13129,1.0,0%-10%,16.0,17.0
10462,14944,1.0,0%-10%,16.0,17.0
10462,15599,1.0,0%-10%,16.0,17.0
10463,566,37.0,10%-15%,250.0,287.0
10463,2135,54.0,10%-15%,360.0,414.0
10463,2485,24.0,10%-15%,160.0,184.0
10463,3009,20.0,0%-10%,200.0,220.0
10463,5086,11.0,0%-10%,115.0,126.0
10463,5252,8.0,0%-10%,88.0,96.0
10463,5766,22.0,10%-15%,147.0,169.0
10463,8163,27.0,0%-10%,300.0,327.0
10463,8259,62.0,10%-15%,415.0,477.0
10463,9029,14.0,10%-15%,95.0,109.0
10463,9159,21.0,10%-15%,144.0,165.0
10463,9546,6.0,0%-10%,60.0,66.0
10463,9590,1.0,0%-10%,16.0,17.0
10463,12383,15.0,0%-10%,152.0,167.0
10463,12585,32.0,10%-15%,215.0,247.0
10463,12743,15.0,10%-15%,105.0,120.0
10465,172,20.0,0%-10%,200.0,220.0
10465,550,8.0,0%-10%,80.0,88.0
10465,1262,9.0,0%-10%,95.0,104.0
10465,1921,34.0,10%-15%,240.0,274.0
10465,2655,1.0,0%-10%,16.0,17.0
10465,3900,37.0,10%-15%,247.0,284.0
10465,6123,7.0,0%-10%,80.0,87.0
10465,10664,12.0,0%-10%,120.0,132.0
10465,13164,1.0,0%-10%,16.0,17.0
10466,1677,16.0,0%-10%,168.0,184.0
10466,3872,26.0,0%-10%,260.0,286.0
10466,6456,6.0,0%-10%,126.0,132.0
10466,6594,20.0,10%-15%,200.0,220.0
10466,8526,20.0,0%-10%,200.0,220.0
10466,11194,18.0,0%-10%,189.0,207.0
10466,11744,1.0,0%-10%,16.0,17.0
10466,11827,1.0,0%-10%,16.0,17.0
10466,11893,21.0,0%-10%,214.0,235.0
10467,1126,5.0,0%-10%,55.0,60.0
10467,1693,44.0,10%-15%,294.0,338.0
10467,1904,14.0,0%-10%,140.0,154.0
10467,2397,1.0,0%-10%,16.0,17.0
10467,2786,4.0,0%-10%,40.0,44.0
10467,3258,1.0,0%-10%,16.0,17.0
10467,3931,6.0,0%-10%,60.0,66.0
10467,4249,32.0,10%-15%,214.0,246.0
10467,5895,1.0,0%-10%,16.0,17.0
10467,7391,12.0,0%-10%,124.0,136.0
10467,7918,42.0,10%-15%,282.0,324.0
10467,8072,14.0,0%-10%,144.0,158.0
10467,8742,1.0,0%-10%,16.0,17.0
10467,9333,35.0,0%-10%,352.0,387.0
10467,9484,36.0,10%-15%,240.0,276.0
10467,9597,32.0,10%-15%,218.0,250.0
10467,9708,33.0,10%-15%,226.0,259.0
10467,9794,36.0,10%-15%,240.0,276.0
10467,9909,3.0,0%-10%,36.0,39.0
10467,10259,32.0,0%-10%,325.0,357.0
10467,10346,20.0,10%-15%,135.0,155.0
10467,11160,1.0,0%-10%,16.0,17.0
10467,13567,1.0,0%-10%,16.0,17.0
10467,14500,22.0,0%-10%,220.0,242.0
10468,420,1.0,0%-10%,16.0,17.0
10468,465,1.0,0%-10%,16.0,17.0
10468,626,1.0,0%-10%,16.0,17.0
10468,869,31.0,10%-15%,213.0,244.0
10468,1044,1.0,0%-10%,16.0,17.0
10468,1114,1.0,0%-10%,16.0,17.0
10468,1205,1.0,0%-10%,16.0,17.0
10468,1289,1.0,0%-10%,16.0,17.0
10468,1518,1.0,0%-10%,16.0,17.0
10468,1686,36.0,10%-15%,240.0,276.0
10468,1835,1.0,0%-10%,16.0,17.0
10468,2404,1.0,0%-10%,16.0,17.0
10468,2419,1.0,0%-10%,16.0,17.0
10468,2468,1.0,0%-10%,16.0,17.0
10468,2537,1.0,0%-10%,16.0,17.0
10468,2596,2.0,0%-10%,20.0,22.0
10468,2602,1.0,0%-10%,16.0,17.0
10468,2651,1.0,0%-10%,16.0,17.0
10468,2826,1.0,0%-10%,16.0,17.0
10468,2982,1.0,0%-10%,16.0,17.0
10468,3023,9.0,0%-10%,97.0,106.0
10468,3123,23.0,10%-15%,155.0,178.0
10468,3164,1.0,0%-10%,16.0,17.0
10468,3189,1.0,0%-10%,16.0,17.0
10468,3400,1.0,0%-10%,16.0,17.0
10468,3604,1.0,0%-10%,16.0,17.0
10468,3628,1.0,0%-10%,16.0,17.0
10468,3878,1.0,0%-10%,16.0,17.0
10468,4000,1.0,0%-10%,16.0,17.0
10468,4453,1.0,0%-10%,16.0,17.0
10468,4641,1.0,0%-10%,16.0,17.0
10468,4715,1.0,0%-10%,16.0,17.0
10468,4768,1.0,0%-10%,16.0,17.0
10468,4801,1.0,0%-10%,16.0,17.0
10468,5065,1.0,0%-10%,16.0,17.0
10468,5172,1.0,0%-10%,16.0,17.0
10468,5178,1.0,0%-10%,16.0,17.0
10468,5491,1.0,0%-10%,16.0,17.0
10468,5728,1.0,0%-10%,16.0,17.0
10468,5821,1.0,0%-10%,16.0,17.0
10468,5980,1.0,0%-10%,16.0,17.0
10468,6061,1.0,0%-10%,16.0,17.0
10468,6189,1.0,0%-10%,16.0,17.0
10468,6198,1.0,0%-10%,16.0,17.0
10468,6483,1.0,0%-10%,16.0,17.0
10468,6551,26.0,10%-15%,177.0,203.0
10468,6826,1.0,0%-10%,16.0,17.0
10468,6883,1.0,0%-10%,16.0,17.0
10468,7021,1.0,0%-10%,16.0,17.0
10468,7033,1.0,0%-10%,16.0,17.0
10468,7110,1.0,0%-10%,16.0,17.0
10468,7514,1.0,0%-10%,16.0,17.0
10468,7702,1.0,0%-10%,16.0,17.0
10468,7919,1.0,0%-10%,16.0,17.0
10468,8280,1.0,0%-10%,16.0,17.0
10468,8560,1.0,0%-10%,16.0,17.0
10468,8650,30.0,10%-15%,200.0,230.0
10468,9407,1.0,0%-10%,16.0,17.0
10468,9622,1.0,0%-10%,16.0,17.0
10468,9984,1.0,0%-10%,16.0,17.0
10468,10086,1.0,0%-10%,16.0,17.0
10468,10379,1.0,0%-10%,16.0,17.0
10468,10782,1.0,0%-10%,16.0,17.0
10468,10788,1.0,0%-10%,16.0,17.0
10468,11085,1.0,0%-10%,16.0,17.0
10468,11193,1.0,0%-10%,16.0,17.0
10468,11712,3.0,0%-10%,37.0,40.0
10468,11761,1.0,0%-10%,16.0,17.0
10468,12007,1.0,0%-10%,16.0,17.0
10468,12029,1.0,0%-10%,16.0,17.0
10468,12043,1.0,0%-10%,16.0,17.0
10468,12048,1.0,0%-10%,16.0,17.0
10468,12127,1.0,0%-10%,16.0,17.0
10468,12141,1.0,0%-10%,16.0,17.0
10468,12412,1.0,0%-10%,16.0,17.0
10468,12587,1.0,0%-10%,16.0,17.0
10468,12950,1.0,0%-10%,16.0,17.0
10468,13611,1.0,0%-10%,16.0,17.0
10468,13625,1.0,0%-10%,16.0,17.0
10468,13964,1.0,0%-10%,16.0,17.0
10468,13969,1.0,0%-10%,16.0,17.0
10468,13985,1.0,0%-10%,16.0,17.0
10468,14225,1.0,0%-10%,16.0,17.0
10468,14235,1.0,0%-10%,16.0,17.0
10468,14595,1.0,0%-10%,16.0,17.0
10468,14770,3.0,0%-10%,33.0,36.0
10468,14869,1.0,0%-10%,16.0,17.0
10468,14910,1.0,0%-10%,16.0,17.0
10468,14957,1.0,0%-10%,16.0,17.0
10468,15113,1.0,0%-10%,16.0,17.0
10468,15114,1.0,0%-10%,16.0,17.0
10468,15142,1.0,0%-10%,16.0,17.0
10468,15177,1.0,0%-10%,16.0,17.0
10468,15365,1.0,0%-10%,16.0,17.0
10469,64,30.0,10%-15%,206.0,236.0
10469,2343,2.0,0%-10%,25.0,27.0
10469,2734,21.0,10%-15%,140.0,161.0
10469,6317,1.0,0%-10%,16.0,17.0
10469,6621,1.0,0%-10%,16.0,17.0
10469,6725,1.0,0%-10%,16.0,17.0
10469,6834,1.0,0%-10%,16.0,17.0
10469,6854,1.0,0%-10%,16.0,17.0
10469,7332,3.0,0%-10%,30.0,33.0
10469,7626,1.0,0%-10%,16.0,17.0
10469,7725,1.0,0%-10%,16.0,17.0
10469,7824,1.0,0%-10%,16.0,17.0
10469,7912,1.0,0%-10%,16.0,17.0
10469,8025,23.0,10%-15%,157.0,180.0
10469,8236,1.0,0%-10%,16.0,17.0
10469,8477,1.0,0%-10%,16.0,17.0
10469,8564,1.0,0%-10%,16.0,17.0
10469,8696,36.0,10%-15%,240.0,276.0
10469,8970,1.0,0%-10%,16.0,17.0
10469,8978,1.0,0%-10%,16.0,17.0
10469,9053,1.0,0%-10%,16.0,17.0
10469,9289,1.0,0%-10%,16.0,17.0
10469,9303,21.0,10%-15%,141.0,162.0
10469,9323,1.0,0%-10%,16.0,17.0
10469,9682,1.0,0%-10%,16.0,17.0
10469,9703,1.0,0%-10%,16.0,17.0
10469,10541,1.0,0%-10%,16.0,17.0
10469,10550,1.0,0%-10%,16.0,17.0
10469,11048,1.0,0%-10%,16.0,17.0
10469,12074,1.0,0%-10%,16.0,17.0
10469,12204,1.0,0%-10%,16.0,17.0
10469,12214,1.0,0%-10%,16.0,17.0
10469,12296,1.0,0%-10%,16.0,17.0
10469,12509,1.0,0%-10%,16.0,17.0
10469,12795,1.0,0%-10%,16.0,17.0
10469,13212,1.0,0%-10%,16.0,17.0
10469,13422,15.0,10%-15%,106.0,121.0
10469,13556,1.0,0%-10%,16.0,17.0
10469,14039,1.0,0%-10%,16.0,17.0
10469,14092,1.0,0%-10%,16.0,17.0
10469,14702,1.0,0%-10%,16.0,17.0
10469,14705,1.0,0%-10%,16.0,17.0
10469,15226,1.0,0%-10%,16.0,17.0
10469,15336,1.0,0%-10%,16.0,17.0
10469,15362,1.0,0%-10%,16.0,17.0
10469,15506,1.0,0%-10%,16.0,17.0
10470,1692,24.0,0%-10%,280.0,304.0
10471,4915,1.0,0%-10%,16.0,17.0
10471,9952,1.0,0%-10%,16.0,17.0
10471,10649,21.0,10%-15%,140.0,161.0
10471,11481,1.0,0%-10%,16.0,17.0
10471,12733,1.0,0%-10%,16.0,17.0
10471,14312,1.0,0%-10%,16.0,17.0
10471,14584,1.0,0%-10%,16.0,17.0
10472,2936,16.0,0%-10%,160.0,176.0
10472,3802,14.0,0%-10%,140.0,154.0
10472,4418,15.0,0%-10%,150.0,165.0
10472,4771,6.0,0%-10%,65.0,71.0
10472,6612,16.0,0%-10%,163.0,179.0
10472,7048,12.0,0%-10%,137.0,149.0
10472,7141,1.0,0%-10%,16.0,17.0
10472,7282,1.0,0%-10%,16.0,17.0
10472,8885,2.0,0%-10%,137.0,139.0
10472,9266,28.0,0%-10%,280.0,308.0
10472,12884,20.0,0%-10%,202.0,222.0
10472,12968,15.0,0%-10%,150.0,165.0
10472,13090,1.0,0%-10%,16.0,17.0
10472,14527,1.0,0%-10%,16.0,17.0
10473,15,24.0,0%-10%,240.0,264.0
10473,126,26.0,0%-10%,295.0,321.0
10473,711,22.0,0%-10%,222.0,244.0
10473,1214,3.0,0%-10%,34.0,37.0
10473,1748,41.0,10%-15%,278.0,319.0
10473,4553,18.0,0%-10%,180.0,198.0
10473,6020,37.0,10%-15%,248.0,285.0
10473,7295,26.0,10%-15%,175.0,201.0
10473,8017,9.0,0%-10%,96.0,105.0
10473,8721,11.0,0%-10%,118.0,129.0
10473,9506,1.0,0%-10%,16.0,17.0
10473,10030,8.0,0%-10%,80.0,88.0
10473,10908,43.0,10%-15%,288.0,331.0
10473,10961,4.0,0%-10%,40.0,44.0
10473,11906,21.0,10%-15%,142.0,163.0
10473,15384,1.0,0%-10%,16.0,17.0
10474,1283,28.0,0%-10%,280.0,308.0
10474,1587,10.0,0%-10%,191.0,201.0
10474,2225,30.0,0%-10%,301.0,331.0
10475,7228,21.0,0%-10%,216.0,237.0
10475,7302,19.0,0%-10%,200.0,219.0
10475,10004,37.0,0%-10%,375.0,412.0
10502,3625,15.0,0%-10%,163.0,178.0
10506,2788,2.0,10%-15%,16.0,18.0
10506,4090,1.0,10%-15%,8.0,9.0
10506,6481,2.0,10%-15%,16.0,18.0
10506,12273,6.0,10%-15%,40.0,46.0
10512,42,1.0,0%-10%,16.0,17.0
10512,2819,1.0,0%-10%,16.0,17.0
10512,3106,2.0,10%-15%,16.0,18.0
10512,6282,2.0,10%-15%,16.0,18.0
10512,7931,2.0,10%-15%,16.0,18.0
10512,10143,6.0,10%-15%,42.0,48.0
10512,10396,12.0,10%-15%,84.0,96.0
10514,2041,19.0,0%-10%,193.0,212.0
10514,2765,4.0,0%-10%,116.0,120.0
10517,3650,8.0,0%-10%,114.0,122.0
10523,310,9.0,0%-10%,95.0,104.0
10523,413,7.0,0%-10%,77.0,84.0
10523,2448,16.0,0%-10%,163.0,179.0
10523,4231,11.0,0%-10%,116.0,127.0
10523,15103,6.0,0%-10%,66.0,72.0
10528,2678,3.0,0%-10%,188.0,191.0
10530,3838,2.0,0%-10%,75.0,77.0
10530,14328,14.0,0%-10%,140.0,154.0
10532,11788,19.0,0%-10%,194.0,213.0
10532,13612,3.0,0%-10%,141.0,144.0
10533,1086,13.0,10%-15%,88.0,101.0
10533,5398,8.0,10%-15%,69.0,77.0
10535,8168,5.0,0%-10%,100.0,105.0
10538,3881,8.0,0%-10%,83.0,91.0
10538,5915,14.0,0%-10%,141.0,155.0
10538,6024,6.0,0%-10%,68.0,74.0
10538,7843,8.0,0%-10%,84.0,92.0
10538,9382,1.0,0%-10%,59.0,60.0
10541,650,5.0,0%-10%,58.0,63.0
10541,1138,14.0,0%-10%,140.0,154.0
10541,2198,3.0,0%-10%,40.0,43.0
10541,2219,4.0,0%-10%,44.0,48.0
10541,3481,4.0,0%-10%,44.0,48.0
10541,6661,8.0,0%-10%,81.0,89.0
10541,7590,8.0,0%-10%,89.0,97.0
10541,8220,4.0,0%-10%,44.0,48.0
10541,9614,10.0,0%-10%,103.0,113.0
10541,9977,8.0,0%-10%,83.0,91.0
10541,10474,6.0,0%-10%,69.0,75.0
10541,10607,4.0,0%-10%,44.0,48.0
10543,82,6.0,0%-10%,60.0,66.0
10543,888,10.0,0%-10%,109.0,119.0
10543,3336,9.0,0%-10%,91.0,100.0
10543,3434,13.0,0%-10%,136.0,149.0
10543,8210,16.0,0%-10%,160.0,176.0
10543,8391,7.0,0%-10%,79.0,86.0
10543,8683,1.0,0%-10%,16.0,17.0
10549,3124,13.0,0%-10%,133.0,146.0
10549,3478,14.0,0%-10%,147.0,161.0
10549,8429,5.0,0%-10%,122.0,127.0
10549,11835,14.0,0%-10%,145.0,159.0
10550,2729,12.0,0%-10%,123.0,135.0
10550,4030,5.0,0%-10%,56.0,61.0
10550,4902,6.0,0%-10%,65.0,71.0
10550,8136,9.0,10%-15%,60.0,69.0
10550,8380,4.0,0%-10%,42.0,46.0
10550,8936,3.0,0%-10%,30.0,33.0
10550,12281,4.0,0%-10%,42.0,46.0
10550,13317,15.0,10%-15%,100.0,115.0
10550,14857,6.0,0%-10%,62.0,68.0
10552,4523,17.0,0%-10%,247.0,264.0
10560,1290,6.0,0%-10%,129.0,135.0
10562,1243,6.0,0%-10%,69.0,75.0
10562,2760,5.0,0%-10%,64.0,69.0
10562,2780,21.0,0%-10%,218.0,239.0
10562,3253,17.0,0%-10%,172.0,189.0
10562,6156,8.0,0%-10%,80.0,88.0
10562,9401,24.0,0%-10%,248.0,272.0
10562,12974,31.0,0%-10%,315.0,346.0
10562,13413,37.0,0%-10%,373.0,410.0
10566,2141,3.0,0%-10%,40.0,43.0
10566,2385,10.0,0%-10%,100.0,110.0
10566,4736,14.0,0%-10%,147.0,161.0
10566,4917,8.0,0%-10%,89.0,97.0
10566,8364,4.0,0%-10%,45.0,49.0
10566,13968,5.0,0%-10%,52.0,57.0
10566,14154,8.0,0%-10%,80.0,88.0
10566,14886,6.0,0%-10%,60.0,66.0
10566,15042,6.0,0%-10%,60.0,66.0
10570,9172,1.0,0%-10%,177.0,178.0
10579,4645,12.0,10%-15%,80.0,92.0
10579,6201,24.0,15%-20%,120.0,144.0
10579,10521,5.0,10%-15%,37.0,42.0
10579,11678,13.0,15%-20%,65.0,78.0
10579,14373,1.0,10%-15%,8.0,9.0
10590,9680,3.0,0%-10%,100.0,103.0
10591,807,10.0,0%-10%,128.0,138.0
10591,1863,13.0,0%-10%,131.0,144.0
10591,2215,15.0,0%-10%,155.0,170.0
10591,2243,14.0,0%-10%,145.0,159.0
10591,5040,15.0,0%-10%,152.0,167.0
10591,12294,14.0,0%-10%,144.0,158.0
10591,13282,16.0,0%-10%,160.0,176.0
10591,14686,17.0,0%-10%,173.0,190.0
10601,3846,34.0,15%-20%,174.0,208.0
10601,4467,12.0,15%-20%,63.0,75.0
10601,5527,9.0,15%-20%,47.0,56.0
10603,11548,12.0,0%-10%,200.0,212.0
10604,3208,12.0,0%-10%,122.0,134.0
10604,3216,8.0,0%-10%,91.0,99.0
10604,10070,12.0,0%-10%,127.0,139.0
10604,10461,14.0,0%-10%,149.0,163.0
10606,2799,11.0,0%-10%,111.0,122.0
10606,5472,15.0,0%-10%,156.0,171.0
10606,7045,32.0,10%-15%,217.0,249.0
10606,8294,3.0,0%-10%,44.0,47.0
10606,8604,19.0,0%-10%,191.0,210.0
10701,1336,12.0,0%-10%,124.0,136.0
10701,1763,6.0,0%-10%,118.0,124.0
10701,6129,10.0,0%-10%,115.0,125.0
10701,6523,6.0,0%-10%,60.0,66.0
10701,7655,1.0,0%-10%,16.0,17.0
10701,9209,15.0,0%-10%,155.0,170.0
10701,13473,24.0,0%-10%,247.0,271.0
10701,13978,16.0,0%-10%,165.0,181.0
10701,14855,6.0,0%-10%,63.0,69.0
10701,15507,1.0,0%-10%,16.0,17.0
10703,230,11.0,0%-10%,110.0,121.0
10703,2149,12.0,10%-15%,80.0,92.0
10703,8271,16.0,0%-10%,165.0,181.0
10703,9379,18.0,0%-10%,180.0,198.0
10704,3017,12.0,0%-10%,254.0,266.0
10705,5818,1.0,0%-10%,16.0,17.0
10705,7932,1.0,0%-10%,16.0,17.0
10705,8574,1.0,0%-10%,16.0,17.0
10705,12639,22.0,0%-10%,316.0,338.0
10708,9258,4.0,0%-10%,60.0,64.0
10708,11184,9.0,0%-10%,93.0,102.0
10709,761,12.0,0%-10%,120.0,132.0
10709,5866,10.0,0%-10%,100.0,110.0
10709,6869,4.0,0%-10%,57.0,61.0
10709,11564,11.0,0%-10%,112.0,123.0
10710,7161,8.0,0%-10%,220.0,228.0
10801,1662,9.0,0%-10%,96.0,105.0
10801,2340,1.0,0%-10%,16.0,17.0
10801,2949,6.0,0%-10%,60.0,66.0
10801,3301,1.0,0%-10%,16.0,17.0
10801,4002,1.0,0%-10%,16.0,17.0
10801,4136,1.0,0%-10%,16.0,17.0
10801,4152,12.0,10%-15%,82.0,94.0
10801,5124,1.0,0%-10%,16.0,17.0
10801,5158,1.0,0%-10%,16.0,17.0
10801,5244,9.0,0%-10%,98.0,107.0
10801,5864,1.0,0%-10%,16.0,17.0
10801,5891,1.0,0%-10%,16.0,17.0
10801,6285,20.0,10%-15%,135.0,155.0
10801,7962,26.0,10%-15%,176.0,202.0
10801,9700,1.0,0%-10%,16.0,17.0
10801,9868,1.0,0%-10%,16.0,17.0
10801,10505,1.0,0%-10%,16.0,17.0
10801,10993,1.0,0%-10%,16.0,17.0
10801,11075,16.0,10%-15%,112.0,128.0
10801,11521,29.0,10%-15%,198.0,227.0
10801,11647,1.0,0%-10%,16.0,17.0
10801,11697,1.0,0%-10%,16.0,17.0
10801,12291,54.0,10%-15%,364.0,418.0
10801,12332,1.0,0%-10%,16.0,17.0
10801,12423,34.0,10%-15%,227.0,261.0
10801,14321,45.0,10%-15%,305.0,350.0
10801,14715,3.0,0%-10%,34.0,37.0
10801,14798,25.0,10%-15%,167.0,192.0
10801,14872,1.0,0%-10%,16.0,17.0
10803,2268,11.0,0%-10%,118.0,129.0
10803,9142,16.0,0%-10%,165.0,181.0
10803,11773,1.0,0%-10%,61.0,62.0
10803,15428,14.0,0%-10%,148.0,162.0
10805,9364,4.0,0%-10%,59.0,63.0
10805,10260,6.0,0%-10%,68.0,74.0
10901,7871,11.0,0%-10%,176.0,187.0
10901,13441,33.0,0%-10%,335.0,368.0
10918,2741,13.0,10%-15%,90.0,103.0
10918,10589,9.0,10%-15%,60.0,69.0
10919,11354,16.0,15%-20%,100.0,116.0
10921,394,7.0,15%-20%,40.0,47.0
10921,8021,8.0,10%-15%,56.0,64.0
10921,10595,12.0,10%-15%,86.0,98.0
10923,14132,8.0,10%-15%,58.0,66.0
10923,15335,6.0,10%-15%,41.0,47.0
10927,704,25.0,0%-10%,279.0,304.0
10940,2907,12.0,0%-10%,127.0,139.0
10940,8069,9.0,0%-10%,98.0,107.0
10940,8422,19.0,0%-10%,197.0,216.0
10940,9017,8.0,0%-10%,86.0,94.0
10940,9638,15.0,0%-10%,156.0,171.0
10940,11873,10.0,0%-10%,100.0,110.0
10940,14252,8.0,0%-10%,80.0,88.0
10940,15068,8.0,0%-10%,80.0,88.0
10950,173,3.0,0%-10%,43.0,46.0
10950,8573,6.0,0%-10%,60.0,66.0
10950,8638,8.0,0%-10%,85.0,93.0
10950,9603,3.0,0%-10%,40.0,43.0
10950,9916,6.0,0%-10%,64.0,70.0
10950,10392,17.0,0%-10%,194.0,211.0
10952,4246,1.0,0%-10%,16.0,17.0
10952,5122,1.0,0%-10%,16.0,17.0
10952,5868,1.0,0%-10%,16.0,17.0
10952,6737,1.0,0%-10%,16.0,17.0
10952,9912,18.0,10%-15%,123.0,141.0
10952,11902,1.0,0%-10%,16.0,17.0
10952,11965,1.0,0%-10%,16.0,17.0
10952,12977,1.0,0%-10%,16.0,17.0
10952,14074,1.0,0%-10%,16.0,17.0
10952,14371,1.0,0%-10%,16.0,17.0
10952,14907,1.0,0%-10%,16.0,17.0
10952,14948,1.0,0%-10%,16.0,17.0
10952,14976,1.0,0%-10%,16.0,17.0
10952,15104,1.0,0%-10%,16.0,17.0
10954,11034,32.0,0%-10%,454.0,486.0
10956,3614,19.0,0%-10%,194.0,213.0
10956,8963,28.0,0%-10%,283.0,311.0
10956,14024,15.0,0%-10%,187.0,202.0
10960,3,12.0,0%-10%,120.0,132.0
10960,4263,8.0,0%-10%,87.0,95.0
10960,9809,4.0,0%-10%,77.0,81.0
10965,274,2.0,10%-15%,16.0,18.0
10965,1019,1.0,0%-10%,16.0,17.0
10965,3501,20.0,10%-15%,139.0,159.0
10965,5826,1.0,0%-10%,16.0,17.0
10965,6788,29.0,10%-15%,199.0,228.0
10965,8736,1.0,0%-10%,16.0,17.0
10965,9074,20.0,10%-15%,135.0,155.0
10965,11737,1.0,0%-10%,16.0,17.0
10965,15332,7.0,10%-15%,47.0,54.0
10970,3862,7.0,0%-10%,105.0,112.0
10977,858,27.0,0%-10%,276.0,303.0
10977,979,8.0,0%-10%,89.0,97.0
10977,1384,6.0,0%-10%,68.0,74.0
10977,5101,7.0,0%-10%,72.0,79.0
10977,6027,12.0,0%-10%,126.0,138.0
10977,6157,17.0,0%-10%,176.0,193.0
10977,6315,26.0,0%-10%,266.0,292.0
10977,7616,8.0,0%-10%,80.0,88.0
10977,8250,1.0,0%-10%,19.0,20.0
10977,8255,1.0,0%-10%,16.0,17.0
10977,9375,1.0,0%-10%,16.0,17.0
10977,9577,3.0,0%-10%,36.0,39.0
10977,11239,1.0,0%-10%,32.0,33.0
10977,14262,32.0,0%-10%,325.0,357.0
10977,14311,5.0,0%-10%,59.0,64.0
10980,1186,7.0,0%-10%,173.0,180.0
10983,6844,11.0,0%-10%,230.0,241.0
10987,3658,4.0,0%-10%,40.0,44.0
10989,5617,5.0,0%-10%,50.0,55.0
10989,6333,2.0,0%-10%,21.0,23.0
10989,10816,14.0,10%-15%,96.0,110.0
10989,11880,5.0,0%-10%,50.0,55.0
10994,107,11.0,0%-10%,243.0,254.0
10994,2557,26.0,0%-10%,260.0,286.0
11003,3309,40.0,0%-10%,405.0,445.0
11003,4017,46.0,0%-10%,460.0,506.0
11003,4996,10.0,0%-10%,104.0,114.0
11003,6216,4.0,0%-10%,50.0,54.0
11003,6814,34.0,0%-10%,340.0,374.0
11003,7205,6.0,0%-10%,60.0,66.0
11003,10484,26.0,0%-10%,268.0,294.0
11003,11474,7.0,0%-10%,76.0,83.0
11020,200,9.0,10%-15%,80.0,89.0
11020,5478,6.0,0%-10%,62.0,68.0
11021,349,11.0,10%-15%,79.0,90.0
11021,6449,6.0,0%-10%,65.0,71.0
11021,6917,6.0,10%-15%,58.0,64.0
11023,5646,8.0,10%-15%,60.0,68.0
11023,7062,11.0,0%-10%,118.0,129.0
11023,9831,9.0,0%-10%,99.0,108.0
11023,10398,7.0,0%-10%,70.0,77.0
11024,4014,22.0,10%-15%,148.0,170.0
11024,4942,8.0,0%-10%,82.0,90.0
11024,6049,1.0,0%-10%,44.0,45.0
11024,12055,30.0,10%-15%,206.0,236.0
11024,12582,7.0,0%-10%,72.0,79.0
11040,1463,6.0,0%-10%,62.0,68.0
11040,1666,6.0,0%-10%,62.0,68.0
11040,2331,27.0,10%-15%,181.0,208.0
11040,2527,69.0,10%-15%,460.0,529.0
11040,4232,11.0,10%-15%,75.0,86.0
11040,5505,27.0,10%-15%,182.0,209.0
11040,6527,9.0,10%-15%,66.0,75.0
11040,6768,1.0,0%-10%,16.0,17.0
11040,6855,16.0,10%-15%,108.0,124.0
11050,491,9.0,0%-10%,91.0,100.0
11050,3398,13.0,0%-10%,136.0,149.0
11050,4648,17.0,0%-10%,171.0,188.0
11050,4861,13.0,0%-10%,131.0,144.0
11050,4959,12.0,0%-10%,127.0,139.0
11050,5615,9.0,0%-10%,97.0,106.0
11050,7507,5.0,0%-10%,88.0,93.0
11050,9287,26.0,0%-10%,298.0,324.0
11050,13643,15.0,0%-10%,153.0,168.0
11050,15279,11.0,0%-10%,113.0,124.0
11096,5737,7.0,0%-10%,70.0,77.0
11096,6199,20.0,10%-15%,135.0,155.0
11096,11921,1.0,0%-10%,43.0,44.0
11101,884,7.0,0%-10%,75.0,82.0
11101,3775,17.0,10%-15%,117.0,134.0
11101,5682,20.0,10%-15%,136.0,156.0
11101,7058,30.0,10%-15%,200.0,230.0
11101,7224,18.0,0%-10%,180.0,198.0
11101,9903,12.0,0%-10%,122.0,134.0
11101,13616,69.0,10%-15%,460.0,529.0
11101,14193,23.0,10%-15%,154.0,177.0
11101,14828,6.0,0%-10%,68.0,74.0
11102,755,12.0,0%-10%,128.0,140.0
11102,1341,12.0,0%-10%,120.0,132.0
11102,1343,13.0,0%-10%,132.0,145.0
11102,2037,22.0,0%-10%,225.0,247.0
11102,3804,2.0,0%-10%,104.0,106.0
11102,5461,13.0,0%-10%,137.0,150.0
11102,8488,16.0,0%-10%,166.0,182.0
11102,9851,26.0,0%-10%,260.0,286.0
11103,886,2.0,0%-10%,213.0,215.0
11104,75,15.0,10%-15%,100.0,115.0
11104,609,1.0,0%-10%,14.0,15.0
11104,898,37.0,10%-15%,248.0,285.0
11104,1451,2.0,10%-15%,16.0,18.0
11104,1645,2.0,10%-15%,16.0,18.0
11104,2057,45.0,10%-15%,300.0,345.0
11104,4850,48.0,10%-15%,325.0,373.0
11104,6115,24.0,10%-15%,160.0,184.0
11104,11822,6.0,10%-15%,40.0,46.0
11105,1144,1.0,0%-10%,16.0,17.0
11105,1294,11.0,10%-15%,75.0,86.0
11105,2333,25.0,0%-10%,255.0,280.0
11105,9959,20.0,0%-10%,203.0,223.0
11105,10310,23.0,0%-10%,233.0,256.0
11106,271,21.0,0%-10%,216.0,237.0
11106,583,20.0,0%-10%,205.0,225.0
11106,2136,20.0,0%-10%,200.0,220.0
11106,4879,5.0,0%-10%,73.0,78.0
11106,10927,22.0,0%-10%,228.0,250.0
11106,10943,11.0,0%-10%,115.0,126.0
11201,411,18.0,0%-10%,182.0,200.0
11201,1398,12.0,0%-10%,140.0,152.0
11201,3047,40.0,0%-10%,400.0,440.0
11201,5834,14.0,0%-10%,147.0,161.0
11201,6994,16.0,0%-10%,160.0,176.0
11203,3954,3.0,0%-10%,35.0,38.0
11203,4829,9.0,0%-10%,98.0,107.0
11203,5167,13.0,0%-10%,135.0,148.0
11203,5392,15.0,0%-10%,156.0,171.0
11203,6968,6.0,0%-10%,60.0,66.0
11203,7215,11.0,0%-10%,119.0,130.0
11203,7658,40.0,10%-15%,272.0,312.0
11203,7697,13.0,0%-10%,138.0,151.0
11203,7761,14.0,0%-10%,146.0,160.0
11203,7916,8.0,0%-10%,83.0,91.0
11203,8409,13.0,0%-10%,132.0,145.0
11203,8671,1.0,0%-10%,16.0,17.0
11203,9351,19.0,10%-15%,127.0,146.0
11203,9668,30.0,10%-15%,203.0,233.0
11203,10523,25.0,10%-15%,168.0,193.0
11203,10529,29.0,10%-15%,198.0,227.0
11203,11648,4.0,0%-10%,40.0,44.0
11203,13081,1.0,0%-10%,16.0,17.0
11203,13122,17.0,0%-10%,172.0,189.0
11203,13977,21.0,0%-10%,213.0,234.0
11204,2544,13.0,0%-10%,131.0,144.0
11204,3311,17.0,0%-10%,173.0,190.0
11204,3651,8.0,0%-10%,120.0,128.0
11204,4245,20.0,0%-10%,201.0,221.0
11204,6992,14.0,0%-10%,149.0,163.0
11204,7311,35.0,0%-10%,350.0,385.0
11204,7775,19.0,0%-10%,195.0,214.0
11204,11245,20.0,0%-10%,200.0,220.0
11204,11384,30.0,0%-10%,300.0,330.0
11204,11823,30.0,0%-10%,339.0,369.0
11205,78,8.0,0%-10%,101.0,109.0
11205,991,16.0,0%-10%,166.0,182.0
11205,1386,19.0,0%-10%,191.0,210.0
11205,6082,13.0,0%-10%,136.0,149.0
11205,14984,12.0,0%-10%,123.0,135.0
11206,1807,13.0,0%-10%,130.0,143.0
11206,2383,15.0,0%-10%,154.0,169.0
11206,2749,16.0,0%-10%,160.0,176.0
11206,4450,22.0,0%-10%,226.0,248.0
11206,6439,19.0,0%-10%,190.0,209.0
11206,8047,27.0,0%-10%,300.0,327.0
11206,9948,14.0,0%-10%,140.0,154.0
11206,10480,19.0,0%-10%,195.0,214.0
11206,10548,16.0,0%-10%,167.0,183.0
11206,11533,12.0,0%-10%,120.0,132.0
11206,12418,16.0,0%-10%,160.0,176.0
11206,13425,13.0,0%-10%,138.0,151.0
11207,864,10.0,0%-10%,100.0,110.0
11207,874,16.0,0%-10%,162.0,178.0
11207,1874,7.0,0%-10%,72.0,79.0
11207,2257,23.0,0%-10%,231.0,254.0
11207,3962,21.0,0%-10%,219.0,240.0
11207,4093,5.0,0%-10%,52.0,57.0
11207,5024,17.0,0%-10%,175.0,192.0
11207,5792,6.0,0%-10%,61.0,67.0
11207,6038,19.0,0%-10%,192.0,211.0
11207,6159,14.0,0%-10%,140.0,154.0
11207,6204,11.0,0%-10%,114.0,125.0
11207,6305,31.0,0%-10%,312.0,343.0
11207,6447,12.0,0%-10%,120.0,132.0
11207,6501,41.0,10%-15%,279.0,320.0
11207,6944,1.0,0%-10%,16.0,17.0
11207,7818,11.0,0%-10%,116.0,127.0
11207,8045,10.0,0%-10%,102.0,112.0
11207,8648,14.0,0%-10%,146.0,160.0
11207,9503,34.0,10%-15%,229.0,263.0
11207,10263,9.0,0%-10%,92.0,101.0
11207,10366,16.0,0%-10%,164.0,180.0
11207,10984,1.0,0%-10%,16.0,17.0
11207,11745,16.0,0%-10%,168.0,184.0
11207,11852,8.0,0%-10%,87.0,95.0
11207,11883,17.0,0%-10%,176.0,193.0
11207,11933,2.0,0%-10%,34.0,36.0
11207,13180,1.0,0%-10%,16.0,17.0
11207,13331,1.0,0%-10%,16.0,17.0
11207,14243,9.0,0%-10%,90.0,99.0
11207,14379,10.0,0%-10%,102.0,112.0
11207,14569,13.0,0%-10%,130.0,143.0
11207,14599,10.0,0%-10%,103.0,113.0
11207,14628,23.0,0%-10%,231.0,254.0
11207,15560,12.0,0%-10%,124.0,136.0
11208,1308,29.0,0%-10%,297.0,326.0
11208,1565,21.0,0%-10%,210.0,231.0
11208,1964,11.0,0%-10%,117.0,128.0
11208,2636,20.0,0%-10%,200.0,220.0
11208,3366,67.0,0%-10%,671.0,738.0
11208,4116,30.0,0%-10%,300.0,330.0
11208,4605,18.0,0%-10%,186.0,204.0
11208,5733,17.0,0%-10%,175.0,192.0
11208,6469,16.0,0%-10%,160.0,176.0
11208,7142,11.0,0%-10%,111.0,122.0
11208,7852,16.0,0%-10%,167.0,183.0
11208,10910,10.0,0%-10%,108.0,118.0
11208,12489,20.0,0%-10%,200.0,220.0
11208,13475,13.0,0%-10%,138.0,151.0
11208,14017,3.0,0%-10%,100.0,103.0
11208,14464,15.0,0%-10%,153.0,168.0
11208,14876,1.0,0%-10%,16.0,17.0
11209,2009,15.0,0%-10%,213.0,228.0
11209,3315,23.0,0%-10%,231.0,254.0
11209,6497,24.0,0%-10%,244.0,268.0
11209,7538,29.0,0%-10%,294.0,323.0
11210,1311,14.0,0%-10%,149.0,163.0
11210,2770,32.0,0%-10%,320.0,352.0
11210,3161,13.0,0%-10%,135.0,148.0
11210,3830,16.0,0%-10%,165.0,181.0
11210,8862,5.0,0%-10%,88.0,93.0
11210,9783,11.0,0%-10%,111.0,122.0
11210,11007,9.0,0%-10%,94.0,103.0
11210,15369,17.0,0%-10%,175.0,192.0
11211,69,42.0,10%-15%,284.0,326.0
11211,1573,12.0,10%-15%,80.0,92.0
11211,1803,41.0,10%-15%,278.0,319.0
11211,3932,27.0,10%-15%,183.0,210.0
11211,4105,6.0,0%-10%,64.0,70.0
11211,4748,11.0,0%-10%,112.0,123.0
11211,4988,34.0,10%-15%,233.0,267.0
11211,6776,32.0,10%-15%,219.0,251.0
11211,7794,36.0,10%-15%,240.0,276.0
11211,9151,2.0,0%-10%,37.0,39.0
11211,9349,12.0,0%-10%,120.0,132.0
11211,10083,10.0,0%-10%,100.0,110.0
11211,11289,28.0,10%-15%,190.0,218.0
11211,11808,6.0,0%-10%,60.0,66.0
11211,15240,9.0,0%-10%,93.0,102.0
11212,900,25.0,0%-10%,259.0,284.0
11212,1122,20.0,0%-10%,202.0,222.0
11212,1456,11.0,0%-10%,117.0,128.0
11212,2066,14.0,0%-10%,144.0,158.0
11212,3632,15.0,0%-10%,153.0,168.0
11212,3990,16.0,0%-10%,160.0,176.0
11212,4705,12.0,0%-10%,124.0,136.0
11212,6139,16.0,0%-10%,160.0,176.0
11212,7430,13.0,0%-10%,144.0,157.0
11212,7632,5.0,0%-10%,110.0,115.0
11212,8024,1.0,0%-10%,16.0,17.0
11212,8112,36.0,0%-10%,365.0,401.0
11212,8395,23.0,0%-10%,231.0,254.0
11212,8782,1.0,0%-10%,16.0,17.0
11212,9637,14.0,0%-10%,141.0,155.0
11212,10380,19.0,0%-10%,194.0,213.0
11212,10618,17.0,0%-10%,177.0,194.0
11212,12320,11.0,0%-10%,111.0,122.0
11212,13370,6.0,0%-10%,66.0,72.0
11212,13832,13.0,0%-10%,139.0,152.0
11212,14607,17.0,0%-10%,175.0,192.0
11212,14683,21.0,0%-10%,217.0,238.0
11213,501,5.0,0%-10%,57.0,62.0
11213,1038,3.0,0%-10%,31.0,34.0
11213,2280,12.0,0%-10%,120.0,132.0
11213,3855,6.0,0%-10%,60.0,66.0
11213,4049,15.0,0%-10%,150.0,165.0
11213,4054,4.0,0%-10%,49.0,53.0
11213,4597,22.0,10%-15%,149.0,171.0
11213,5544,1.0,0%-10%,16.0,17.0
11213,5556,39.0,10%-15%,261.0,300.0
11213,6245,18.0,10%-15%,120.0,138.0
11213,6879,2.0,0%-10%,31.0,33.0
11213,7241,17.0,0%-10%,172.0,189.0
11213,7298,25.0,10%-15%,168.0,193.0
11213,10210,5.0,0%-10%,51.0,56.0
11213,13436,17.0,0%-10%,172.0,189.0
11213,14064,13.0,0%-10%,130.0,143.0
11213,14300,5.0,0%-10%,58.0,63.0
11214,3511,27.0,0%-10%,309.0,336.0
11214,3867,26.0,0%-10%,293.0,319.0
11214,5014,10.0,0%-10%,108.0,118.0
11214,5042,6.0,0%-10%,93.0,99.0
11214,7492,32.0,0%-10%,360.0,392.0
11214,8026,19.0,0%-10%,196.0,215.0
11214,8311,46.0,0%-10%,466.0,512.0
11214,8969,11.0,0%-10%,119.0,130.0
11214,11087,10.0,0%-10%,104.0,114.0
11215,329,6.0,0%-10%,62.0,68.0
11215,1950,14.0,0%-10%,140.0,154.0
11215,3654,26.0,10%-15%,175.0,201.0
11215,5370,12.0,0%-10%,120.0,132.0
11215,5688,18.0,0%-10%,180.0,198.0
11215,6838,17.0,0%-10%,173.0,190.0
11215,8835,1.0,0%-10%,16.0,17.0
11215,9256,12.0,0%-10%,120.0,132.0
11215,10335,24.0,0%-10%,240.0,264.0
11215,10472,23.0,0%-10%,233.0,256.0
11215,11946,12.0,0%-10%,128.0,140.0
11215,12667,21.0,0%-10%,215.0,236.0
11215,13668,1.0,0%-10%,16.0,17.0
11215,14206,20.0,0%-10%,200.0,220.0
11215,15427,1.0,0%-10%,16.0,17.0
11216,2561,16.0,0%-10%,168.0,184.0
11216,3714,10.0,0%-10%,140.0,150.0
11216,7056,14.0,0%-10%,146.0,160.0
11216,9592,4.0,0%-10%,60.0,64.0
11216,10149,28.0,0%-10%,280.0,308.0
11217,3094,19.0,0%-10%,193.0,212.0
11217,9243,16.0,0%-10%,160.0,176.0
11217,10677,4.0,0%-10%,120.0,124.0
11217,13987,24.0,0%-10%,240.0,264.0
11218,1131,6.0,0%-10%,68.0,74.0
11218,5080,3.0,0%-10%,36.0,39.0
11218,5325,37.0,10%-15%,250.0,287.0
11218,5916,5.0,0%-10%,58.0,63.0
11218,6380,41.0,10%-15%,276.0,317.0
11218,7216,35.0,10%-15%,237.0,272.0
11218,7839,39.0,10%-15%,260.0,299.0
11218,11889,36.0,0%-10%,366.0,402.0
11218,11993,3.0,0%-10%,38.0,41.0
11218,12209,1.0,0%-10%,35.0,36.0
11218,13474,44.0,0%-10%,491.0,535.0
11218,13762,14.0,10%-15%,95.0,109.0
11218,14740,19.0,10%-15%,130.0,149.0
11218,14773,5.0,0%-10%,50.0,55.0
11219,852,6.0,0%-10%,214.0,220.0
11219,3735,21.0,0%-10%,216.0,237.0
11219,5287,24.0,0%-10%,247.0,271.0
11219,8126,30.0,0%-10%,300.0,330.0
11219,12569,1.0,0%-10%,16.0,17.0
11219,14795,1.0,0%-10%,16.0,17.0
11219,14990,1.0,0%-10%,16.0,17.0
11220,3190,28.0,0%-10%,318.0,346.0
11220,4541,18.0,0%-10%,180.0,198.0
11220,7103,29.0,0%-10%,298.0,327.0
11220,7521,22.0,0%-10%,220.0,242.0
11220,11280,10.0,0%-10%,100.0,110.0
11220,11399,31.0,0%-10%,350.0,381.0
11220,12504,1.0,0%-10%,96.0,97.0
11220,14713,16.0,0%-10%,160.0,176.0
11221,814,31.0,10%-15%,211.0,242.0
11221,1083,12.0,10%-15%,80.0,92.0
11221,1145,7.0,0%-10%,74.0,81.0
11221,1339,5.0,0%-10%,59.0,64.0
11221,1439,15.0,10%-15%,104.0,119.0
11221,1546,2.0,0%-10%,30.0,32.0
11221,2459,45.0,10%-15%,301.0,346.0
11221,4055,4.0,0%-10%,40.0,44.0
11221,4444,21.0,10%-15%,145.0,166.0
11221,5814,1.0,0%-10%,16.0,17.0
11221,7090,3.0,0%-10%,36.0,39.0
11221,7322,1.0,0%-10%,16.0,17.0
11221,9550,11.0,10%-15%,75.0,86.0
11221,9808,20.0,10%-15%,136.0,156.0
11221,10494,30.0,0%-10%,306.0,336.0
11221,10646,23.0,10%-15%,158.0,181.0
11221,11224,18.0,10%-15%,120.0,138.0
11221,11231,14.0,0%-10%,140.0,154.0
11221,14420,14.0,0%-10%,140.0,154.0
11221,14750,1.0,0%-10%,16.0,17.0
11222,2050,24.0,0%-10%,240.0,264.0
11222,6593,5.0,0%-10%,150.0,155.0
11223,2951,4.0,0%-10%,155.0,159.0
11223,11641,24.0,0%-10%,240.0,264.0
11224,1050,15.0,0%-10%,153.0,168.0
11224,1929,23.0,10%-15%,159.0,182.0
11224,3039,12.0,0%-10%,120.0,132.0
11224,3685,6.0,0%-10%,68.0,74.0
11224,5285,18.0,0%-10%,180.0,198.0
11224,9489,12.0,10%-15%,86.0,98.0
11224,9935,12.0,0%-10%,121.0,133.0
11224,12893,18.0,10%-15%,125.0,143.0
11225,171,28.0,0%-10%,288.0,316.0
11225,8490,1.0,0%-10%,222.0,223.0
11225,9835,5.0,0%-10%,50.0,55.0
11225,11649,1.0,0%-10%,16.0,17.0
11225,13232,1.0,0%-10%,16.0,17.0
11226,436,28.0,0%-10%,285.0,313.0
11226,1256,19.0,0%-10%,193.0,212.0
11226,2792,11.0,0%-10%,116.0,127.0
11226,7998,17.0,0%-10%,178.0,195.0
11226,10991,21.0,0%-10%,210.0,231.0
11226,12672,6.0,0%-10%,64.0,70.0
11226,13904,8.0,0%-10%,175.0,183.0
11226,14573,1.0,0%-10%,16.0,17.0
11228,3121,14.0,0%-10%,140.0,154.0
11228,4321,30.0,0%-10%,301.0,331.0
11228,5119,22.0,0%-10%,220.0,242.0
11228,6175,10.0,0%-10%,100.0,110.0
11228,8266,13.0,10%-15%,115.0,128.0
11228,11459,22.0,0%-10%,224.0,246.0
11228,13596,9.0,10%-15%,81.0,90.0
11229,1123,43.0,10%-15%,290.0,333.0
11229,2430,6.0,0%-10%,60.0,66.0
11229,2995,18.0,10%-15%,120.0,138.0
11229,3202,8.0,0%-10%,88.0,96.0
11229,4859,28.0,10%-15%,189.0,217.0
11229,8233,20.0,10%-15%,139.0,159.0
11229,8469,26.0,10%-15%,175.0,201.0
11229,9568,8.0,0%-10%,80.0,88.0
11229,10429,7.0,0%-10%,72.0,79.0
11229,10606,22.0,0%-10%,220.0,242.0
11230,2011,29.0,0%-10%,300.0,329.0
11231,686,23.0,0%-10%,230.0,253.0
11231,926,30.0,10%-15%,202.0,232.0
11231,1021,10.0,0%-10%,101.0,111.0
11231,2036,18.0,10%-15%,120.0,138.0
11231,6655,19.0,0%-10%,192.0,211.0
11231,7527,6.0,0%-10%,66.0,72.0
11231,15026,6.0,0%-10%,65.0,71.0
11232,498,29.0,0%-10%,294.0,323.0
11232,967,4.0,0%-10%,73.0,77.0
11232,5835,36.0,0%-10%,360.0,396.0
11232,7723,1.0,0%-10%,16.0,17.0
11232,10899,38.0,0%-10%,380.0,418.0
11232,12625,20.0,0%-10%,209.0,229.0
11233,231,11.0,0%-10%,111.0,122.0
11233,600,19.0,0%-10%,191.0,210.0
11233,691,20.0,0%-10%,208.0,228.0
11233,1634,21.0,0%-10%,219.0,240.0
11233,3539,27.0,0%-10%,300.0,327.0
11233,5600,19.0,0%-10%,191.0,210.0
11233,7029,12.0,0%-10%,123.0,135.0
11233,7752,18.0,0%-10%,184.0,202.0
11233,8937,20.0,0%-10%,200.0,220.0
11233,10531,5.0,0%-10%,100.0,105.0
11233,12933,15.0,0%-10%,150.0,165.0
11233,13495,15.0,0%-10%,154.0,169.0
11234,412,20.0,0%-10%,200.0,220.0
11234,972,23.0,0%-10%,231.0,254.0
11234,2553,9.0,0%-10%,172.0,181.0
11234,3843,30.0,0%-10%,304.0,334.0
11234,4047,28.0,0%-10%,288.0,316.0
11235,1888,2.0,0%-10%,178.0,180.0
11235,8197,44.0,0%-10%,444.0,488.0
11235,8567,30.0,0%-10%,300.0,330.0
11236,55,27.0,10%-15%,180.0,207.0
11236,83,29.0,10%-15%,196.0,225.0
11236,306,8.0,0%-10%,80.0,88.0
11236,2170,6.0,0%-10%,65.0,71.0
11236,2293,1.0,0%-10%,16.0,17.0
11236,2412,4.0,0%-10%,41.0,45.0
11236,2657,1.0,0%-10%,16.0,17.0
11236,3021,42.0,10%-15%,281.0,323.0
11236,3411,7.0,0%-10%,80.0,87.0
11236,3582,34.0,10%-15%,230.0,264.0
11236,3895,16.0,10%-15%,110.0,126.0
11236,4943,1.0,0%-10%,16.0,17.0
11236,5010,6.0,0%-10%,66.0,72.0
11236,5593,1.0,0%-10%,16.0,17.0
11236,6505,48.0,10%-15%,325.0,373.0
11236,6602,1.0,0%-10%,16.0,17.0
11236,7245,1.0,0%-10%,16.0,17.0
11236,7262,6.0,0%-10%,63.0,69.0
11236,7385,1.0,0%-10%,16.0,17.0
11236,7449,1.0,0%-10%,24.0,25.0
11236,8022,1.0,0%-10%,16.0,17.0
11236,8257,39.0,10%-15%,265.0,304.0
11236,8859,1.0,0%-10%,16.0,17.0
11236,9107,25.0,10%-15%,168.0,193.0
11236,9123,25.0,10%-15%,173.0,198.0
11236,10889,1.0,0%-10%,16.0,17.0
11236,11190,4.0,0%-10%,45.0,49.0
11236,11294,29.0,0%-10%,294.0,323.0
11236,11428,4.0,0%-10%,40.0,44.0
11236,12121,4.0,0%-10%,40.0,44.0
11236,13857,8.0,0%-10%,80.0,88.0
11236,13897,20.0,10%-15%,136.0,156.0
11236,15202,6.0,0%-10%,61.0,67.0
11237,1190,25.0,0%-10%,284.0,309.0
11237,2120,19.0,10%-15%,131.0,150.0
11237,4527,18.0,10%-15%,124.0,142.0
11237,4532,22.0,10%-15%,150.0,172.0
11237,5169,12.0,10%-15%,80.0,92.0
11237,6735,23.0,0%-10%,238.0,261.0
11237,8501,24.0,10%-15%,166.0,190.0
11238,1070,8.0,0%-10%,80.0,88.0
11238,1557,10.0,0%-10%,100.0,110.0
11238,1722,16.0,0%-10%,164.0,180.0
11238,2133,15.0,0%-10%,150.0,165.0
11238,3773,14.0,0%-10%,145.0,159.0
11238,5267,11.0,0%-10%,119.0,130.0
11238,5309,13.0,0%-10%,130.0,143.0
11238,7969,1.0,0%-10%,16.0,17.0
11238,10730,19.0,0%-10%,192.0,211.0
11238,11620,17.0,0%-10%,177.0,194.0
11238,12425,12.0,0%-10%,127.0,139.0
11238,12804,25.0,0%-10%,259.0,284.0
11238,13395,6.0,0%-10%,66.0,72.0
11238,14819,1.0,0%-10%,16.0,17.0
11239,569,22.0,10%-15%,148.0,170.0
11239,3575,13.0,10%-15%,98.0,111.0
11239,7405,6.0,0%-10%,60.0,66.0
11239,9926,18.0,0%-10%,188.0,206.0
11239,14695,16.0,0%-10%,164.0,180.0
11354,3312,16.0,0%-10%,160.0,176.0
11354,7133,15.0,0%-10%,150.0,165.0
11354,9265,3.0,0%-10%,120.0,123.0
11354,10875,22.0,0%-10%,220.0,242.0
11355,1654,12.0,0%-10%,127.0,139.0
11355,1734,11.0,0%-10%,111.0,122.0
11355,3166,2.0,0%-10%,38.0,40.0
11355,3444,13.0,0%-10%,136.0,149.0
11355,4785,18.0,0%-10%,185.0,203.0
11355,5064,16.0,0%-10%,163.0,179.0
11355,5547,39.0,10%-15%,265.0,304.0
11355,6093,23.0,0%-10%,239.0,262.0
11355,7007,19.0,0%-10%,191.0,210.0
11355,7325,17.0,0%-10%,171.0,188.0
11355,8411,10.0,0%-10%,101.0,111.0
11355,8423,11.0,0%-10%,110.0,121.0
11355,9238,46.0,0%-10%,460.0,506.0
11355,9819,14.0,0%-10%,146.0,160.0
11355,10708,16.0,0%-10%,160.0,176.0
11355,11594,40.0,10%-15%,267.0,307.0
11355,12904,10.0,0%-10%,100.0,110.0
11355,14708,14.0,0%-10%,140.0,154.0
11355,15200,12.0,0%-10%,129.0,141.0
11356,4790,5.0,0%-10%,57.0,62.0
11356,7400,26.0,0%-10%,265.0,291.0
11356,9229,4.0,0%-10%,56.0,60.0
11356,10187,30.0,0%-10%,304.0,334.0
11356,13167,1.0,0%-10%,16.0,17.0
11357,2283,19.0,0%-10%,194.0,213.0
11357,6639,13.0,0%-10%,145.0,158.0
11357,13050,30.0,0%-10%,305.0,335.0
11358,688,14.0,0%-10%,141.0,155.0
11358,2679,29.0,0%-10%,298.0,327.0
11358,15145,6.0,0%-10%,64.0,70.0
11361,427,32.0,0%-10%,320.0,352.0
11361,3450,21.0,10%-15%,140.0,161.0
11361,4621,13.0,0%-10%,133.0,146.0
11361,5060,39.0,10%-15%,263.0,302.0
11361,6384,43.0,0%-10%,435.0,478.0
11361,13118,1.0,0%-10%,16.0,17.0
11362,6121,3.0,0%-10%,126.0,129.0
11362,11140,15.0,0%-10%,150.0,165.0
11363,11159,8.0,0%-10%,146.0,154.0
11364,6063,15.0,0%-10%,152.0,167.0
11364,8941,25.0,0%-10%,250.0,275.0
11364,8983,13.0,0%-10%,139.0,152.0
11364,11869,14.0,0%-10%,145.0,159.0
11364,15326,1.0,0%-10%,124.0,125.0
11365,337,40.0,10%-15%,267.0,307.0
11365,5052,44.0,0%-10%,440.0,484.0
11365,7093,2.0,0%-10%,20.0,22.0
11365,8247,35.0,10%-15%,238.0,273.0
11365,10662,15.0,10%-15%,105.0,120.0
11367,1254,20.0,10%-15%,134.0,154.0
11367,1865,13.0,0%-10%,132.0,145.0
11367,3601,27.0,0%-10%,278.0,305.0
11367,8746,29.0,0%-10%,291.0,320.0
11367,9990,24.0,0%-10%,240.0,264.0
11367,13526,19.0,0%-10%,193.0,212.0
11367,13697,1.0,0%-10%,16.0,17.0
11367,14388,2.0,0%-10%,40.0,42.0
11367,15085,8.0,0%-10%,84.0,92.0
11368,640,10.0,0%-10%,105.0,115.0
11368,1534,25.0,0%-10%,251.0,276.0
11368,3246,25.0,10%-15%,170.0,195.0
11368,3715,13.0,0%-10%,131.0,144.0
11368,4368,5.0,0%-10%,52.0,57.0
11368,4989,4.0,0%-10%,48.0,52.0
11368,7755,20.0,0%-10%,200.0,220.0
11368,8644,31.0,10%-15%,209.0,240.0
11368,9572,31.0,10%-15%,208.0,239.0
11368,9918,27.0,0%-10%,271.0,298.0
11368,10264,25.0,0%-10%,254.0,279.0
11368,11116,15.0,0%-10%,170.0,185.0
11368,11634,14.0,0%-10%,144.0,158.0
11368,13328,3.0,0%-10%,37.0,40.0
11368,14900,15.0,0%-10%,150.0,165.0
11369,1301,1.0,0%-10%,16.0,17.0
11369,4301,17.0,10%-15%,119.0,136.0
11369,4921,1.0,0%-10%,16.0,17.0
11369,5000,1.0,0%-10%,16.0,17.0
11369,6451,6.0,0%-10%,63.0,69.0
11369,6850,1.0,0%-10%,16.0,17.0
11369,7486,20.0,10%-15%,138.0,158.0
11369,8012,30.0,10%-15%,200.0,230.0
11369,9528,1.0,0%-10%,16.0,17.0
11369,11402,23.0,10%-15%,154.0,177.0
11369,13145,1.0,0%-10%,16.0,17.0
11370,10703,3.0,0%-10%,222.0,225.0
11372,2059,15.0,0%-10%,156.0,171.0
11372,3944,19.0,0%-10%,196.0,215.0
11372,6828,6.0,0%-10%,124.0,130.0
11372,9199,21.0,0%-10%,210.0,231.0
11372,11390,13.0,0%-10%,134.0,147.0
11372,11679,21.0,0%-10%,217.0,238.0
11372,11699,27.0,0%-10%,300.0,327.0
11373,2481,72.0,0%-10%,720.0,792.0
11373,3970,29.0,0%-10%,324.0,353.0
11373,8532,34.0,0%-10%,385.0,419.0
11373,9738,36.0,0%-10%,367.0,403.0
11373,10001,17.0,0%-10%,171.0,188.0
11373,12162,43.0,0%-10%,438.0,481.0
11373,12966,9.0,0%-10%,146.0,155.0
11373,15308,20.0,0%-10%,200.0,220.0
11374,1867,5.0,0%-10%,50.0,55.0
11374,2774,9.0,10%-15%,70.0,79.0
11374,4728,33.0,10%-15%,221.0,254.0
11374,4894,21.0,10%-15%,146.0,167.0
11374,5198,26.0,10%-15%,177.0,203.0
11374,10165,36.0,10%-15%,240.0,276.0
11374,13034,12.0,10%-15%,81.0,93.0
11374,15083,77.0,10%-15%,516.0,593.0
11375,1884,21.0,0%-10%,212.0,233.0
11375,3421,22.0,0%-10%,228.0,250.0
11375,7000,21.0,0%-10%,213.0,234.0
11375,8344,8.0,0%-10%,80.0,88.0
11375,10319,8.0,0%-10%,88.0,96.0
11375,11074,1.0,0%-10%,16.0,17.0
11375,11305,16.0,0%-10%,160.0,176.0
11375,15261,4.0,0%-10%,48.0,52.0
11377,984,19.0,0%-10%,191.0,210.0
11377,3186,9.0,0%-10%,91.0,100.0
11377,3358,43.0,0%-10%,480.0,523.0
11377,3464,27.0,0%-10%,309.0,336.0
11377,3997,53.0,0%-10%,535.0,588.0
11377,5261,15.0,0%-10%,152.0,167.0
11377,5307,19.0,10%-15%,127.0,146.0
11377,5878,9.0,10%-15%,86.0,95.0
11377,8891,22.0,0%-10%,220.0,242.0
11377,8921,19.0,0%-10%,190.0,209.0
11377,12346,12.0,0%-10%,126.0,138.0
11377,13459,24.0,0%-10%,240.0,264.0
11379,1270,15.0,0%-10%,247.0,262.0
11379,3351,31.0,0%-10%,316.0,347.0
11379,11498,31.0,0%-10%,350.0,381.0
11379,11730,48.0,0%-10%,487.0,535.0
11385,597,18.0,0%-10%,200.0,218.0
11385,1120,23.0,0%-10%,236.0,259.0
11385,1875,23.0,0%-10%,238.0,261.0
11385,2772,1.0,0%-10%,16.0,17.0
11385,3070,23.0,0%-10%,239.0,262.0
11385,5393,24.0,0%-10%,245.0,269.0
11385,5532,1.0,0%-10%,16.0,17.0
11385,5664,11.0,0%-10%,111.0,122.0
11385,8264,20.0,0%-10%,200.0,220.0
11385,8520,1.0,0%-10%,16.0,17.0
11385,9537,39.0,10%-15%,260.0,299.0
11385,11153,20.0,0%-10%,202.0,222.0
11385,11283,14.0,0%-10%,145.0,159.0
11411,8866,15.0,0%-10%,160.0,175.0
11412,8636,7.0,0%-10%,267.0,274.0
11413,2012,24.0,10%-15%,163.0,187.0
11413,2308,5.0,0%-10%,52.0,57.0
11413,3051,44.0,10%-15%,296.0,340.0
11413,4209,9.0,10%-15%,60.0,69.0
11413,4827,21.0,10%-15%,144.0,165.0
11413,4990,21.0,10%-15%,146.0,167.0
11413,5609,31.0,10%-15%,208.0,239.0
11413,10432,14.0,0%-10%,141.0,155.0
11413,13049,2.0,0%-10%,28.0,30.0
11413,13652,1.0,0%-10%,16.0,17.0
11413,14227,37.0,10%-15%,248.0,285.0
11413,14407,7.0,0%-10%,70.0,77.0
11414,6197,28.0,0%-10%,280.0,308.0
11414,12153,15.0,0%-10%,228.0,243.0
11418,2624,39.0,10%-15%,260.0,299.0
11418,2849,12.0,10%-15%,83.0,95.0
11418,5624,1.0,0%-10%,16.0,17.0
11418,7278,1.0,0%-10%,16.0,17.0
11418,8176,32.0,0%-10%,326.0,358.0
11418,8180,1.0,0%-10%,16.0,17.0
11418,9958,1.0,0%-10%,16.0,17.0
11418,10572,1.0,0%-10%,16.0,17.0
11418,11584,1.0,0%-10%,16.0,17.0
11418,11938,42.0,10%-15%,280.0,322.0
11418,12269,1.0,0%-10%,16.0,17.0
11418,12324,1.0,0%-10%,16.0,17.0
11418,13251,1.0,0%-10%,16.0,17.0
11418,13361,1.0,0%-10%,16.0,17.0
11418,13931,1.0,0%-10%,16.0,17.0
11418,13996,39.0,10%-15%,261.0,300.0
11418,14301,1.0,0%-10%,16.0,17.0
11418,14847,1.0,0%-10%,16.0,17.0
11418,15109,1.0,0%-10%,16.0,17.0
11419,3289,26.0,0%-10%,270.0,296.0
11419,6610,29.0,0%-10%,298.0,327.0
11420,849,1.0,0%-10%,16.0,17.0
11420,1609,28.0,0%-10%,280.0,308.0
11420,7751,20.0,0%-10%,205.0,225.0
11420,13706,9.0,0%-10%,180.0,189.0
11421,7394,5.0,0%-10%,60.0,65.0
11422,904,8.0,0%-10%,80.0,88.0
11422,1683,4.0,0%-10%,48.0,52.0
11422,6202,1.0,0%-10%,25.0,26.0
11422,6340,16.0,10%-15%,111.0,127.0
11422,6428,30.0,10%-15%,200.0,230.0
11422,14883,9.0,0%-10%,90.0,99.0
11426,5802,30.0,0%-10%,400.0,430.0
11427,1757,5.0,0%-10%,119.0,124.0
11427,13302,22.0,0%-10%,227.0,249.0
11428,1777,31.0,10%-15%,207.0,238.0
11428,7643,17.0,0%-10%,173.0,190.0
11428,10332,2.0,0%-10%,41.0,43.0
11432,1498,4.0,0%-10%,40.0,44.0
11432,2817,11.0,10%-15%,78.0,89.0
11432,6911,8.0,0%-10%,88.0,96.0
11432,7788,23.0,10%-15%,159.0,182.0
11432,9472,10.0,0%-10%,107.0,117.0
11432,9601,1.0,0%-10%,16.0,17.0
11432,9777,1.0,0%-10%,16.0,17.0
11432,9877,21.0,10%-15%,140.0,161.0
11432,9971,21.0,10%-15%,143.0,164.0
11432,10256,45.0,10%-15%,301.0,346.0
11432,13922,1.0,0%-10%,16.0,17.0
11432,14248,40.0,0%-10%,407.0,447.0
11433,4835,42.0,0%-10%,426.0,468.0
11433,6784,14.0,0%-10%,266.0,280.0
11433,11103,36.0,0%-10%,360.0,396.0
11434,2177,24.0,0%-10%,240.0,264.0
11434,6012,1.0,0%-10%,16.0,17.0
11434,6940,27.0,0%-10%,278.0,305.0
11434,7148,12.0,0%-10%,125.0,137.0
11434,7742,16.0,0%-10%,160.0,176.0
11434,7786,39.0,10%-15%,260.0,299.0
11434,10315,14.0,0%-10%,148.0,162.0
11434,10543,28.0,0%-10%,280.0,308.0
11434,11025,3.0,0%-10%,36.0,39.0
11434,11912,17.0,0%-10%,173.0,190.0
11434,13659,30.0,0%-10%,300.0,330.0
11434,13804,2.0,0%-10%,36.0,38.0
11435,13397,25.0,0%-10%,317.0,342.0
11436,671,3.0,15%-20%,16.0,19.0
11436,3678,3.0,15%-20%,16.0,19.0
11436,4338,2.0,10%-15%,14.0,16.0
11436,6485,2.0,10%-15%,16.0,18.0
11436,7941,2.0,10%-15%,16.0,18.0
11436,9078,2.0,10%-15%,16.0,18.0
11436,9116,2.0,10%-15%,16.0,18.0
11436,9504,1.0,0%-10%,10.0,11.0
11436,9770,2.0,10%-15%,16.0,18.0
11436,9996,2.0,10%-15%,16.0,18.0
11436,10278,2.0,10%-15%,16.0,18.0
11436,10309,2.0,10%-15%,16.0,18.0
11436,10340,1.0,10%-15%,8.0,9.0
11436,13767,2.0,10%-15%,16.0,18.0
11436,14013,2.0,10%-15%,16.0,18.0
11436,14763,2.0,10%-15%,16.0,18.0
11436,15603,2.0,10%-15%,16.0,18.0
11501,352,20.0,0%-10%,204.0,224.0
11501,2366,34.0,0%-10%,346.0,380.0
11510,5510,9.0,0%-10%,90.0,99.0
11510,7195,16.0,0%-10%,167.0,183.0
11510,7695,14.0,0%-10%,145.0,159.0
11510,9854,27.0,0%-10%,279.0,306.0
11510,10438,4.0,0%-10%,61.0,65.0
11510,10486,11.0,0%-10%,111.0,122.0
11514,703,6.0,0%-10%,80.0,86.0
11514,8587,13.0,0%-10%,138.0,151.0
11518,1576,5.0,0%-10%,70.0,75.0
11518,4704,9.0,0%-10%,97.0,106.0
11518,11070,19.0,0%-10%,191.0,210.0
11520,1784,6.0,0%-10%,67.0,73.0
11520,2541,4.0,0%-10%,45.0,49.0
11520,2977,5.0,0%-10%,53.0,58.0
11520,3176,1.0,0%-10%,16.0,17.0
11520,3483,1.0,0%-10%,16.0,17.0
11520,3500,1.0,0%-10%,16.0,17.0
11520,3576,1.0,0%-10%,16.0,17.0
11520,3707,1.0,0%-10%,16.0,17.0
11520,3782,1.0,0%-10%,16.0,17.0
11520,3825,1.0,0%-10%,16.0,17.0
11520,3863,1.0,0%-10%,16.0,17.0
11520,4421,1.0,0%-10%,16.0,17.0
11520,4502,1.0,0%-10%,16.0,17.0
11520,4616,1.0,0%-10%,16.0,17.0
11520,4889,1.0,0%-10%,16.0,17.0
11520,4898,1.0,0%-10%,16.0,17.0
11520,5201,1.0,0%-10%,16.0,17.0
11520,5257,1.0,0%-10%,16.0,17.0
11520,5451,1.0,0%-10%,16.0,17.0
11520,5497,1.0,0%-10%,16.0,17.0
11520,6482,1.0,0%-10%,16.0,17.0
11520,6907,1.0,0%-10%,16.0,17.0
11520,6976,1.0,0%-10%,16.0,17.0
11520,7101,1.0,0%-10%,16.0,17.0
11520,7244,1.0,0%-10%,16.0,17.0
11520,7255,1.0,0%-10%,16.0,17.0
11520,7674,1.0,0%-10%,16.0,17.0
11520,7973,15.0,10%-15%,102.0,117.0
11520,8010,1.0,0%-10%,16.0,17.0
11520,8039,1.0,0%-10%,16.0,17.0
11520,8300,1.0,0%-10%,16.0,17.0
11520,9004,1.0,0%-10%,16.0,17.0
11520,9395,1.0,0%-10%,16.0,17.0
11520,9406,1.0,0%-10%,16.0,17.0
11520,9632,25.0,10%-15%,168.0,193.0
11520,9805,1.0,0%-10%,16.0,17.0
11520,9814,1.0,0%-10%,16.0,17.0
11520,10191,12.0,10%-15%,85.0,97.0
11520,10303,1.0,0%-10%,16.0,17.0
11520,10445,7.0,0%-10%,79.0,86.0
11520,10452,1.0,0%-10%,16.0,17.0
11520,10464,1.0,0%-10%,16.0,17.0
11520,10644,1.0,0%-10%,16.0,17.0
11520,10656,1.0,0%-10%,16.0,17.0
11520,11309,18.0,10%-15%,120.0,138.0
11520,11719,1.0,0%-10%,16.0,17.0
11520,12030,1.0,0%-10%,16.0,17.0
11520,12280,1.0,0%-10%,16.0,17.0
11520,12564,1.0,0%-10%,16.0,17.0
11520,12568,1.0,0%-10%,16.0,17.0
11520,12646,1.0,0%-10%,16.0,17.0
11520,12724,1.0,0%-10%,16.0,17.0
11520,13177,3.0,0%-10%,38.0,41.0
11520,13238,1.0,0%-10%,16.0,17.0
11520,13318,1.0,0%-10%,16.0,17.0
11520,13406,1.0,0%-10%,16.0,17.0
11520,13784,1.0,0%-10%,16.0,17.0
11520,13810,1.0,0%-10%,16.0,17.0
11520,13909,1.0,0%-10%,16.0,17.0
11520,13933,1.0,0%-10%,16.0,17.0
11520,14083,1.0,0%-10%,16.0,17.0
11520,14167,8.0,0%-10%,89.0,97.0
11520,14186,1.0,0%-10%,16.0,17.0
11520,14303,1.0,0%-10%,16.0,17.0
11520,14304,1.0,0%-10%,16.0,17.0
11520,14548,1.0,0%-10%,16.0,17.0
11520,14571,1.0,0%-10%,16.0,17.0
11520,15108,1.0,0%-10%,16.0,17.0
11520,15323,1.0,0%-10%,16.0,17.0
11520,15397,3.0,0%-10%,30.0,33.0
11520,15431,1.0,0%-10%,16.0,17.0
11530,458,6.0,0%-10%,66.0,72.0
11530,3588,7.0,0%-10%,71.0,78.0
11530,4969,8.0,0%-10%,82.0,90.0
11530,5373,8.0,0%-10%,80.0,88.0
11530,5606,6.0,0%-10%,65.0,71.0
11530,8534,5.0,0%-10%,60.0,65.0
11530,10862,8.0,0%-10%,84.0,92.0
11542,5424,22.0,0%-10%,228.0,250.0
11542,9719,18.0,0%-10%,180.0,198.0
11542,10742,7.0,0%-10%,161.0,168.0
11545,6841,15.0,0%-10%,162.0,177.0
11545,9368,22.0,0%-10%,225.0,247.0
11550,4343,1.0,0%-10%,206.0,207.0
11550,6809,1.0,0%-10%,16.0,17.0
11550,7505,1.0,0%-10%,16.0,17.0
11550,8958,1.0,0%-10%,16.0,17.0
11550,10216,9.0,0%-10%,95.0,104.0
11550,11011,1.0,0%-10%,16.0,17.0
11550,13398,10.0,0%-10%,110.0,120.0
11550,13895,9.0,0%-10%,97.0,106.0
11550,14518,1.0,0%-10%,16.0,17.0
11552,2719,3.0,0%-10%,75.0,78.0
11552,6151,15.0,0%-10%,156.0,171.0
11552,10995,7.0,0%-10%,76.0,83.0
11553,1111,10.0,10%-15%,70.0,80.0
11553,7488,16.0,10%-15%,113.0,129.0
11553,8336,1.0,0%-10%,16.0,17.0
11553,9170,1.0,0%-10%,16.0,17.0
11553,9588,1.0,0%-10%,16.0,17.0
11553,10232,1.0,0%-10%,16.0,17.0
11553,10570,15.0,10%-15%,103.0,118.0
11553,10671,1.0,0%-10%,16.0,17.0
11553,10687,1.0,0%-10%,16.0,17.0
11553,11371,1.0,0%-10%,16.0,17.0
11553,11547,6.0,0%-10%,62.0,68.0
11553,12309,1.0,0%-10%,16.0,17.0
11553,12440,1.0,0%-10%,16.0,17.0
11553,12556,1.0,0%-10%,16.0,17.0
11553,12573,1.0,0%-10%,16.0,17.0
11553,12821,3.0,0%-10%,30.0,33.0
11553,13156,1.0,0%-10%,16.0,17.0
11553,13335,1.0,0%-10%,16.0,17.0
11553,13408,1.0,0%-10%,16.0,17.0
11553,14417,1.0,0%-10%,16.0,17.0
11553,14455,1.0,0%-10%,16.0,17.0
11553,14769,1.0,0%-10%,16.0,17.0
11553,15023,1.0,0%-10%,16.0,17.0
11553,15156,1.0,0%-10%,16.0,17.0
11553,15517,1.0,0%-10%,16.0,17.0
11554,4162,2.0,0%-10%,100.0,102.0
11554,10276,14.0,0%-10%,144.0,158.0
11554,10600,12.0,0%-10%,120.0,132.0
11554,11200,13.0,0%-10%,130.0,143.0
11554,11899,15.0,0%-10%,155.0,170.0
11557,8933,12.0,0%-10%,206.0,218.0
11558,8578,3.0,0%-10%,35.0,38.0
11558,10609,20.0,10%-15%,135.0,155.0
11558,13578,1.0,0%-10%,22.0,23.0
11561,2061,15.0,0%-10%,155.0,170.0
11561,5894,13.0,0%-10%,131.0,144.0
11563,70,15.0,0%-10%,152.0,167.0
11563,3243,16.0,0%-10%,161.0,177.0
11563,4445,16.0,0%-10%,167.0,183.0
11563,10112,4.0,0%-10%,135.0,139.0
11563,14084,17.0,0%-10%,176.0,193.0
11565,5475,10.0,15%-20%,52.0,62.0
11565,5819,2.0,10%-15%,16.0,18.0
11565,6571,9.0,10%-15%,63.0,72.0
11565,7947,13.0,15%-20%,65.0,78.0
11565,8989,3.0,15%-20%,16.0,19.0
11565,11597,12.0,15%-20%,64.0,76.0
11565,13117,7.0,10%-15%,47.0,54.0
11566,1698,13.0,0%-10%,150.0,163.0
11566,2237,20.0,0%-10%,208.0,228.0
11566,4494,15.0,0%-10%,157.0,172.0
11566,5277,13.0,0%-10%,150.0,163.0
11566,7814,6.0,0%-10%,150.0,156.0
11570,360,2.0,10%-15%,16.0,18.0
11570,3120,12.0,10%-15%,83.0,95.0
11570,3413,2.0,10%-15%,14.0,16.0
11570,4817,6.0,10%-15%,43.0,49.0
11570,6632,2.0,10%-15%,16.0,18.0
11570,6756,18.0,15%-20%,91.0,109.0
11570,7792,21.0,10%-15%,145.0,166.0
11570,8043,32.0,10%-15%,217.0,249.0
11570,12339,1.0,0%-10%,12.0,13.0
11570,14940,2.0,10%-15%,16.0,18.0
11572,6221,15.0,0%-10%,159.0,174.0
11572,8592,28.0,0%-10%,282.0,310.0
11572,10338,9.0,0%-10%,134.0,143.0
11575,2100,9.0,0%-10%,95.0,104.0
11575,7415,10.0,0%-10%,102.0,112.0
11575,12681,6.0,0%-10%,89.0,95.0
11575,13342,8.0,0%-10%,89.0,97.0
11575,13916,10.0,0%-10%,106.0,116.0
11577,7753,18.0,0%-10%,234.0,252.0
11580,9587,15.0,0%-10%,154.0,169.0
11580,11285,1.0,0%-10%,148.0,149.0
11581,2610,2.0,0%-10%,45.0,47.0
11581,6645,3.0,0%-10%,40.0,43.0
11581,13748,21.0,10%-15%,140.0,161.0
11581,15474,6.0,0%-10%,60.0,66.0
11590,88,5.0,0%-10%,57.0,62.0
11590,416,10.0,0%-10%,100.0,110.0
11590,660,9.0,0%-10%,94.0,103.0
11590,1531,3.0,0%-10%,35.0,38.0
11590,3993,5.0,0%-10%,51.0,56.0
11590,5375,12.0,10%-15%,85.0,97.0
11590,6628,15.0,10%-15%,100.0,115.0
11590,6753,1.0,0%-10%,16.0,17.0
11590,7076,1.0,0%-10%,16.0,17.0
11590,7671,1.0,0%-10%,16.0,17.0
11590,8106,4.0,0%-10%,46.0,50.0
11590,9037,1.0,0%-10%,16.0,17.0
11590,9087,1.0,0%-10%,16.0,17.0
11590,10524,21.0,0%-10%,217.0,238.0
11590,11726,1.0,0%-10%,16.0,17.0
11590,12073,1.0,0%-10%,16.0,17.0
11590,12323,1.0,0%-10%,16.0,17.0
11590,13176,1.0,0%-10%,16.0,17.0
11590,13532,1.0,0%-10%,16.0,17.0
11590,13660,1.0,0%-10%,16.0,17.0
11590,13979,1.0,0%-10%,16.0,17.0
11590,14078,1.0,0%-10%,16.0,17.0
11590,14081,1.0,0%-10%,16.0,17.0
11590,14912,1.0,0%-10%,16.0,17.0
11590,15459,1.0,0%-10%,16.0,17.0
11590,15464,1.0,0%-10%,16.0,17.0
11596,3485,6.0,0%-10%,66.0,72.0
11596,5660,8.0,0%-10%,83.0,91.0
11596,6533,5.0,10%-15%,37.0,42.0
11596,8492,10.0,10%-15%,67.0,77.0
11598,6200,8.0,0%-10%,81.0,89.0
11598,8947,1.0,0%-10%,33.0,34.0
11598,9750,24.0,0%-10%,246.0,270.0
11691,1366,11.0,0%-10%,115.0,126.0
11691,1923,21.0,10%-15%,144.0,165.0
11691,2090,11.0,0%-10%,117.0,128.0
11691,2125,6.0,0%-10%,60.0,66.0
11691,2756,21.0,10%-15%,143.0,164.0
11691,4834,12.0,10%-15%,80.0,92.0
11691,5517,25.0,10%-15%,172.0,197.0
11691,8496,12.0,0%-10%,129.0,141.0
11691,9432,13.0,0%-10%,132.0,145.0
11691,10290,14.0,0%-10%,140.0,154.0
11691,13215,2.0,0%-10%,26.0,28.0
11691,13471,14.0,0%-10%,140.0,154.0
11691,13905,1.0,0%-10%,16.0,17.0
11691,13959,12.0,0%-10%,126.0,138.0
11691,15041,29.0,10%-15%,198.0,227.0
11691,15513,28.0,10%-15%,188.0,216.0
11692,674,2.0,0%-10%,144.0,146.0
11692,2188,18.0,0%-10%,180.0,198.0
11692,4885,19.0,0%-10%,194.0,213.0
11693,2920,10.0,10%-15%,71.0,81.0
11693,3765,15.0,10%-15%,102.0,117.0
11693,3879,2.0,10%-15%,16.0,18.0
11693,15239,27.0,15%-20%,139.0,166.0
11694,194,7.0,15%-20%,39.0,46.0
11694,5795,23.0,10%-15%,156.0,179.0
11694,6258,1.0,10%-15%,8.0,9.0
11694,6727,27.0,10%-15%,180.0,207.0
11694,11774,2.0,10%-15%,16.0,18.0
11694,11870,2.0,10%-15%,16.0,18.0
11694,12114,31.0,10%-15%,213.0,244.0
11694,13202,18.0,10%-15%,124.0,142.0
11703,1103,1.0,0%-10%,16.0,17.0
11703,1479,1.0,0%-10%,16.0,17.0
11703,2779,29.0,10%-15%,198.0,227.0
11703,4963,2.0,10%-15%,16.0,18.0
11703,5282,1.0,0%-10%,16.0,17.0
11703,5948,36.0,10%-15%,240.0,276.0
11703,6470,37.0,10%-15%,250.0,287.0
11703,6690,1.0,0%-10%,16.0,17.0
11703,11711,16.0,10%-15%,110.0,126.0
11703,12116,2.0,10%-15%,16.0,18.0
11703,12197,1.0,0%-10%,16.0,17.0
11703,12992,26.0,10%-15%,175.0,201.0
11703,13334,1.0,0%-10%,16.0,17.0
11704,3372,23.0,0%-10%,239.0,262.0
11704,7656,5.0,0%-10%,170.0,175.0
11706,1504,32.0,10%-15%,217.0,249.0
11706,2044,17.0,0%-10%,170.0,187.0
11706,4140,23.0,10%-15%,155.0,178.0
11706,4507,41.0,10%-15%,277.0,318.0
11706,5599,10.0,0%-10%,108.0,118.0
11706,9585,14.0,10%-15%,95.0,109.0
11706,9821,10.0,0%-10%,100.0,110.0
11706,13388,8.0,0%-10%,81.0,89.0
11706,13754,20.0,0%-10%,200.0,220.0
11706,13846,12.0,0%-10%,120.0,132.0
11706,13958,20.0,0%-10%,200.0,220.0
11706,15161,13.0,0%-10%,139.0,152.0
11710,1502,6.0,0%-10%,139.0,145.0
11710,7137,29.0,0%-10%,290.0,319.0
11710,11179,15.0,0%-10%,155.0,170.0
11710,11554,14.0,0%-10%,147.0,161.0
11713,1487,2.0,0%-10%,112.0,114.0
11714,2975,16.0,0%-10%,166.0,182.0
11714,3822,7.0,0%-10%,79.0,86.0
11714,4815,5.0,0%-10%,58.0,63.0
11714,5077,1.0,0%-10%,16.0,17.0
11714,5357,1.0,0%-10%,16.0,17.0
11714,6006,4.0,0%-10%,44.0,48.0
11714,6682,11.0,0%-10%,110.0,121.0
11714,10886,14.0,0%-10%,144.0,158.0
11714,12874,3.0,0%-10%,37.0,40.0
11716,4350,6.0,0%-10%,78.0,84.0
11716,7125,13.0,0%-10%,134.0,147.0
11717,5749,1.0,0%-10%,16.0,17.0
11717,8410,7.0,0%-10%,105.0,112.0
11717,9999,46.0,0%-10%,461.0,507.0
11717,11125,9.0,0%-10%,105.0,114.0
11717,15411,1.0,0%-10%,16.0,17.0
11720,1361,7.0,0%-10%,75.0,82.0
11720,3294,8.0,0%-10%,80.0,88.0
11720,10414,8.0,0%-10%,84.0,92.0
11720,10754,6.0,0%-10%,60.0,66.0
11720,13886,18.0,10%-15%,136.0,154.0
11721,4506,7.0,0%-10%,129.0,136.0
11726,10038,12.0,10%-15%,86.0,98.0
11726,11060,5.0,0%-10%,52.0,57.0
11726,11139,1.0,0%-10%,16.0,17.0
11726,12102,1.0,0%-10%,16.0,17.0
11726,13487,1.0,0%-10%,16.0,17.0
11726,15458,1.0,0%-10%,16.0,17.0
11727,6090,8.0,0%-10%,179.0,187.0
11729,384,13.0,0%-10%,173.0,186.0
11731,2715,10.0,0%-10%,108.0,118.0
11731,4615,15.0,0%-10%,156.0,171.0
11731,8009,6.0,0%-10%,82.0,88.0
11731,11214,14.0,0%-10%,144.0,158.0
11733,1840,35.0,0%-10%,400.0,435.0
11735,393,15.0,0%-10%,152.0,167.0
11735,3241,14.0,0%-10%,146.0,160.0
11735,3442,6.0,0%-10%,117.0,123.0
11735,4339,21.0,0%-10%,219.0,240.0
11738,1992,5.0,0%-10%,51.0,56.0
11738,4967,14.0,0%-10%,140.0,154.0
11738,6781,10.0,0%-10%,104.0,114.0
11738,8083,11.0,0%-10%,118.0,129.0
11741,3010,4.0,0%-10%,63.0,67.0
11741,4394,7.0,0%-10%,70.0,77.0
11741,9245,10.0,0%-10%,106.0,116.0
11741,9526,14.0,0%-10%,147.0,161.0
11741,10795,11.0,0%-10%,114.0,125.0
11741,12033,5.0,0%-10%,52.0,57.0
11742,927,9.0,0%-10%,96.0,105.0
11742,2861,8.0,0%-10%,82.0,90.0
11742,3327,8.0,0%-10%,87.0,95.0
11742,7860,4.0,0%-10%,79.0,83.0
11743,6942,14.0,0%-10%,315.0,329.0
11743,11051,32.0,0%-10%,328.0,360.0
11746,3428,11.0,0%-10%,119.0,130.0
11746,11923,42.0,0%-10%,436.0,478.0
11749,13543,13.0,0%-10%,144.0,157.0
11753,9291,5.0,0%-10%,81.0,86.0
11753,11208,8.0,0%-10%,83.0,91.0
11754,7485,1.0,0%-10%,40.0,41.0
11754,7907,40.0,10%-15%,270.0,310.0
11754,10761,5.0,0%-10%,58.0,63.0
11754,13549,14.0,0%-10%,140.0,154.0
11755,8769,8.0,0%-10%,113.0,121.0
11756,9090,6.0,0%-10%,60.0,66.0
11756,10955,5.0,0%-10%,52.0,57.0
11757,2092,8.0,0%-10%,82.0,90.0
11757,2449,25.0,0%-10%,258.0,283.0
11757,7823,7.0,0%-10%,79.0,86.0
11757,9452,6.0,0%-10%,71.0,77.0
11757,11749,15.0,0%-10%,154.0,169.0
11758,1615,2.0,0%-10%,206.0,208.0
11758,4072,22.0,0%-10%,226.0,248.0
11758,7522,22.0,0%-10%,220.0,242.0
11762,5493,14.0,0%-10%,140.0,154.0
11762,8298,16.0,0%-10%,160.0,176.0
11762,8326,6.0,0%-10%,102.0,108.0
11763,198,10.0,0%-10%,100.0,110.0
11763,4998,18.0,0%-10%,183.0,201.0
11763,5231,15.0,0%-10%,150.0,165.0
11763,7066,13.0,0%-10%,136.0,149.0
11763,7984,14.0,0%-10%,148.0,162.0
11764,7614,13.0,0%-10%,142.0,155.0
11767,10164,3.0,0%-10%,142.0,145.0
11771,4970,15.0,0%-10%,154.0,169.0
11771,8777,7.0,10%-15%,66.0,73.0
11772,2613,17.0,0%-10%,170.0,187.0
11772,2862,4.0,0%-10%,50.0,54.0
11772,2868,1.0,0%-10%,70.0,71.0
11772,4673,7.0,0%-10%,70.0,77.0
11772,9157,5.0,0%-10%,53.0,58.0
11772,11088,8.0,0%-10%,83.0,91.0
11772,11357,16.0,0%-10%,164.0,180.0
11772,15436,13.0,0%-10%,136.0,149.0
11778,1794,10.0,0%-10%,100.0,110.0
11778,3918,13.0,0%-10%,137.0,150.0
11778,11652,2.0,0%-10%,60.0,62.0
11779,1295,15.0,0%-10%,156.0,171.0
11779,3456,15.0,0%-10%,151.0,166.0
11779,4473,14.0,0%-10%,146.0,160.0
11779,4795,46.0,0%-10%,465.0,511.0
11779,5967,3.0,0%-10%,108.0,111.0
11779,9520,18.0,0%-10%,181.0,199.0
11779,13765,20.0,0%-10%,200.0,220.0
11780,2269,7.0,10%-15%,50.0,57.0
11780,6396,9.0,10%-15%,60.0,69.0
11780,8141,2.0,10%-15%,16.0,18.0
11780,12994,9.0,15%-20%,46.0,55.0
11782,1153,9.0,0%-10%,92.0,101.0
11782,6418,10.0,0%-10%,100.0,110.0
11782,7630,4.0,0%-10%,70.0,74.0
11782,9297,8.0,0%-10%,89.0,97.0
11783,1321,16.0,10%-15%,112.0,128.0
11783,3352,11.0,0%-10%,111.0,122.0
11783,4457,12.0,0%-10%,124.0,136.0
11783,10865,10.0,0%-10%,100.0,110.0
11783,10931,12.0,10%-15%,80.0,92.0
11784,3722,14.0,0%-10%,140.0,154.0
11784,6840,5.0,0%-10%,80.0,85.0
11787,252,25.0,10%-15%,171.0,196.0
11787,579,7.0,0%-10%,70.0,77.0
11787,1417,4.0,0%-10%,48.0,52.0
11787,2047,5.0,0%-10%,52.0,57.0
11787,2534,5.0,0%-10%,50.0,55.0
11787,3561,22.0,0%-10%,226.0,248.0
11787,4178,4.0,0%-10%,49.0,53.0
11787,4448,9.0,10%-15%,60.0,69.0
11787,4636,5.0,0%-10%,50.0,55.0
11787,5084,32.0,10%-15%,214.0,246.0
11787,6030,4.0,0%-10%,44.0,48.0
11787,6171,15.0,10%-15%,105.0,120.0
11787,6926,22.0,10%-15%,153.0,175.0
11787,8765,5.0,0%-10%,50.0,55.0
11787,10224,4.0,0%-10%,45.0,49.0
11787,11698,7.0,0%-10%,75.0,82.0
11788,5038,10.0,0%-10%,126.0,136.0
11788,8461,17.0,0%-10%,171.0,188.0
11791,1212,25.0,0%-10%,254.0,279.0
11791,2996,4.0,0%-10%,136.0,140.0
11791,5984,19.0,0%-10%,198.0,217.0
11791,10509,17.0,0%-10%,171.0,188.0
11791,11155,15.0,0%-10%,151.0,166.0
11792,6043,9.0,0%-10%,97.0,106.0
11792,9994,22.0,10%-15%,154.0,176.0
11793,1614,7.0,0%-10%,89.0,96.0
11793,2406,13.0,0%-10%,135.0,148.0
11793,3787,11.0,0%-10%,114.0,125.0
11793,9345,13.0,0%-10%,138.0,151.0
11798,14115,41.0,0%-10%,571.0,612.0
11801,1154,21.0,10%-15%,140.0,161.0
11801,1914,12.0,10%-15%,80.0,92.0
11801,1935,7.0,0%-10%,72.0,79.0
11801,8544,13.0,0%-10%,133.0,146.0
11801,11824,24.0,0%-10%,240.0,264.0
11801,14494,24.0,0%-10%,249.0,273.0
11801,14697,22.0,10%-15%,151.0,173.0
11901,8417,6.0,0%-10%,124.0,130.0
11901,11907,13.0,0%-10%,133.0,146.0
11901,13780,3.0,0%-10%,50.0,53.0
11901,15563,3.0,0%-10%,50.0,53.0
11934,5331,2.0,0%-10%,32.0,34.0
11934,9486,9.0,0%-10%,98.0,107.0
11934,11988,9.0,0%-10%,90.0,99.0
11937,1548,10.0,0%-10%,100.0,110.0
11937,6773,24.0,0%-10%,240.0,264.0
11937,7979,20.0,0%-10%,200.0,220.0
11937,12135,9.0,10%-15%,60.0,69.0
11949,293,13.0,10%-15%,129.0,142.0
11950,3951,4.0,0%-10%,120.0,124.0
11951,6700,8.0,0%-10%,86.0,94.0
11951,15358,1.0,0%-10%,21.0,22.0
11955,332,6.0,10%-15%,44.0,50.0
11955,6948,12.0,15%-20%,66.0,78.0
11960,9894,14.0,15%-20%,82.0,96.0
11963,1105,18.0,15%-20%,108.0,126.0
11967,7808,11.0,0%-10%,111.0,122.0
11967,9100,11.0,0%-10%,116.0,127.0
11967,13219,1.0,0%-10%,16.0,17.0
11967,14678,1.0,0%-10%,16.0,17.0
11971,8559,11.0,0%-10%,112.0,123.0
11971,15218,6.0,0%-10%,60.0,66.0
12019,6979,2.0,0%-10%,44.0,46.0
12020,1554,21.0,0%-10%,213.0,234.0
12020,6324,2.0,0%-10%,110.0,112.0
12027,764,11.0,0%-10%,125.0,136.0
12033,276,5.0,0%-10%,50.0,55.0
12033,8325,6.0,10%-15%,40.0,46.0
12033,8679,10.0,0%-10%,100.0,110.0
12033,9895,13.0,0%-10%,137.0,150.0
12047,740,2.0,10%-15%,16.0,18.0
12047,1831,6.0,10%-15%,44.0,50.0
12047,5508,9.0,10%-15%,64.0,73.0
12047,6430,2.0,10%-15%,16.0,18.0
12047,6824,7.0,10%-15%,47.0,54.0
12047,7197,6.0,10%-15%,44.0,50.0
12047,10567,6.0,10%-15%,44.0,50.0
12047,12958,25.0,10%-15%,169.0,194.0
12047,13192,2.0,10%-15%,16.0,18.0
12047,14572,9.0,10%-15%,61.0,70.0
12047,14627,3.0,10%-15%,20.0,23.0
12054,1139,15.0,0%-10%,156.0,171.0
12054,2747,6.0,0%-10%,60.0,66.0
12054,5993,5.0,0%-10%,58.0,63.0
12054,6095,3.0,0%-10%,55.0,58.0
12054,7119,7.0,0%-10%,75.0,82.0
12054,7369,3.0,0%-10%,44.0,47.0
12061,3851,15.0,0%-10%,151.0,166.0
12061,6717,6.0,0%-10%,60.0,66.0
12061,9532,7.0,0%-10%,71.0,78.0
12061,10873,4.0,0%-10%,44.0,48.0
12065,319,19.0,0%-10%,190.0,209.0
12065,11638,18.0,0%-10%,182.0,200.0
12077,4,14.0,15%-20%,75.0,89.0
12077,7708,13.0,10%-15%,89.0,102.0
12095,601,4.0,0%-10%,40.0,44.0
12095,3128,24.0,10%-15%,160.0,184.0
12095,7802,2.0,0%-10%,29.0,31.0
12095,12279,6.0,0%-10%,60.0,66.0
12095,13112,8.0,10%-15%,55.0,63.0
12095,14400,6.0,0%-10%,60.0,66.0
12118,1537,11.0,0%-10%,113.0,124.0
12118,3147,4.0,0%-10%,40.0,44.0
12118,12526,1.0,0%-10%,21.0,22.0
12118,15266,25.0,10%-15%,168.0,193.0
12122,79,2.0,0%-10%,100.0,102.0
12144,4069,16.0,0%-10%,169.0,185.0
12144,4515,6.0,0%-10%,101.0,107.0
12157,1910,20.0,15%-20%,100.0,120.0
12157,7210,10.0,15%-20%,50.0,60.0
12157,13160,12.0,10%-15%,81.0,93.0
12157,15435,2.0,10%-15%,16.0,18.0
12180,805,18.0,0%-10%,189.0,207.0
12180,929,9.0,0%-10%,94.0,103.0
12180,1266,7.0,0%-10%,70.0,77.0
12180,3388,6.0,0%-10%,60.0,66.0
12180,3570,11.0,0%-10%,114.0,125.0
12180,3833,5.0,0%-10%,55.0,60.0
12180,6857,7.0,0%-10%,75.0,82.0
12180,7112,14.0,0%-10%,148.0,162.0
12180,10106,8.0,0%-10%,84.0,92.0
12180,10510,7.0,0%-10%,70.0,77.0
12180,12590,5.0,0%-10%,50.0,55.0
12180,13120,5.0,0%-10%,50.0,55.0
12180,13265,7.0,0%-10%,71.0,78.0
12180,13609,6.0,0%-10%,60.0,66.0
12180,15203,3.0,0%-10%,50.0,53.0
12186,8057,11.0,0%-10%,138.0,149.0
12202,4342,5.0,0%-10%,54.0,59.0
12202,9516,6.0,10%-15%,44.0,50.0
12202,11269,6.0,0%-10%,60.0,66.0
12202,13734,11.0,10%-15%,75.0,86.0
12203,3850,17.0,0%-10%,173.0,190.0
12203,6016,10.0,0%-10%,103.0,113.0
12203,6084,18.0,0%-10%,184.0,202.0
12203,7225,4.0,0%-10%,81.0,85.0
12203,9951,10.0,0%-10%,101.0,111.0
12203,10630,11.0,0%-10%,119.0,130.0
12205,3579,12.0,0%-10%,122.0,134.0
12205,3757,9.0,0%-10%,92.0,101.0
12205,4720,13.0,0%-10%,131.0,144.0
12205,4923,6.0,0%-10%,68.0,74.0
12205,5476,4.0,0%-10%,44.0,48.0
12205,6721,8.0,0%-10%,80.0,88.0
12205,8416,12.0,0%-10%,120.0,132.0
12205,9651,4.0,0%-10%,44.0,48.0
12205,10320,4.0,0%-10%,44.0,48.0
12205,11003,13.0,0%-10%,130.0,143.0
12205,11622,11.0,0%-10%,118.0,129.0
12205,12729,3.0,0%-10%,30.0,33.0
12205,15074,6.0,0%-10%,60.0,66.0
12206,9082,33.0,0%-10%,331.0,364.0
12206,11792,6.0,0%-10%,135.0,141.0
12206,13843,16.0,0%-10%,165.0,181.0
12209,658,1.0,0%-10%,44.0,45.0
12209,1183,38.0,10%-15%,254.0,292.0
12209,12130,7.0,0%-10%,75.0,82.0
12209,12838,7.0,0%-10%,75.0,82.0
12302,1596,5.0,0%-10%,57.0,62.0
12302,3300,8.0,0%-10%,82.0,90.0
12302,3971,11.0,0%-10%,115.0,126.0
12302,4134,10.0,0%-10%,101.0,111.0
12302,5629,7.0,0%-10%,70.0,77.0
12302,9282,4.0,0%-10%,44.0,48.0
12302,9970,2.0,0%-10%,34.0,36.0
12302,10665,4.0,0%-10%,44.0,48.0
12302,14539,2.0,0%-10%,34.0,36.0
12303,11375,7.0,0%-10%,120.0,127.0
12309,1459,14.0,0%-10%,143.0,157.0
12309,4032,7.0,0%-10%,75.0,82.0
12309,4903,3.0,0%-10%,74.0,77.0
12309,6408,27.0,0%-10%,270.0,297.0
12309,8049,7.0,0%-10%,77.0,84.0
12309,12355,9.0,0%-10%,99.0,108.0
12401,245,6.0,0%-10%,60.0,66.0
12401,2004,5.0,0%-10%,59.0,64.0
12401,2218,6.0,0%-10%,62.0,68.0
12401,3703,1.0,0%-10%,40.0,41.0
12401,4812,4.0,0%-10%,44.0,48.0
12401,5844,6.0,0%-10%,63.0,69.0
12401,7959,15.0,0%-10%,150.0,165.0
12401,10605,6.0,0%-10%,60.0,66.0
12401,12508,3.0,0%-10%,37.0,40.0
12401,13021,4.0,0%-10%,40.0,44.0
12401,14125,4.0,0%-10%,40.0,44.0
12413,14784,1.0,0%-10%,58.0,59.0
12443,10250,2.0,0%-10%,68.0,70.0
12477,5238,3.0,0%-10%,31.0,34.0
12477,5360,8.0,0%-10%,80.0,88.0
12477,5555,9.0,0%-10%,93.0,102.0
12477,5610,4.0,0%-10%,44.0,48.0
12477,9312,1.0,0%-10%,15.0,16.0
12477,10092,1.0,0%-10%,16.0,17.0
12477,12660,3.0,0%-10%,36.0,39.0
12477,13295,3.0,0%-10%,30.0,33.0
12477,13598,4.0,0%-10%,42.0,46.0
12477,14048,4.0,0%-10%,44.0,48.0
12477,14787,5.0,0%-10%,53.0,58.0
12501,5772,6.0,0%-10%,60.0,66.0
12508,287,4.0,0%-10%,40.0,44.0
12508,1907,17.0,10%-15%,114.0,131.0
12508,4499,4.0,0%-10%,40.0,44.0
12508,5079,4.0,0%-10%,40.0,44.0
12508,9409,6.0,0%-10%,66.0,72.0
12508,10728,11.0,0%-10%,120.0,131.0
12508,11197,1.0,0%-10%,21.0,22.0
12508,11203,4.0,0%-10%,48.0,52.0
12508,12658,4.0,0%-10%,40.0,44.0
12508,14190,4.0,0%-10%,40.0,44.0
12508,14724,2.0,0%-10%,24.0,26.0
12508,14827,4.0,0%-10%,40.0,44.0
12518,3998,5.00000299500002,0%-10%,80.0,85.00000299500002
12524,2645,4.0,0%-10%,45.0,49.0
12524,2958,8.0,0%-10%,88.0,96.0
12524,3267,4.0,0%-10%,40.0,44.0
12524,8394,4.0,0%-10%,45.0,49.0
12524,12862,2.0,0%-10%,40.0,42.0
12524,14566,10.0,0%-10%,100.0,110.0
12528,1895,7.0,10%-15%,55.0,62.0
12528,6392,8.0,10%-15%,57.0,65.0
12528,6461,10.0,10%-15%,67.0,77.0
12528,7778,9.0,10%-15%,65.0,74.0
12528,11845,9.0,10%-15%,66.0,75.0
12533,2006,21.0,0%-10%,217.0,238.0
12533,8302,16.0,0%-10%,167.0,183.0
12533,8693,7.0,0%-10%,137.0,144.0
12534,1158,3.0,0%-10%,36.0,39.0
12534,4685,6.0,0%-10%,62.0,68.0
12534,6294,5.0,0%-10%,56.0,61.0
12534,11176,3.0,0%-10%,30.0,33.0
12534,13632,23.0,10%-15%,154.0,177.0
12534,15311,27.0,10%-15%,180.0,207.0
12538,564,15.0,10%-15%,101.0,116.0
12538,2701,1.0,0%-10%,16.0,17.0
12538,3836,1.0,0%-10%,16.0,17.0
12538,5235,1.0,0%-10%,16.0,17.0
12538,8279,6.0,10%-15%,42.0,48.0
12538,9061,4.0,10%-15%,30.0,34.0
12538,9937,9.0,10%-15%,60.0,69.0
12538,10596,2.0,10%-15%,16.0,18.0
12538,11702,12.0,10%-15%,81.0,93.0
12538,12426,6.0,10%-15%,40.0,46.0
12538,12500,3.0,10%-15%,20.0,23.0
12538,14589,1.0,0%-10%,16.0,17.0
12540,5199,12.0,10%-15%,85.0,97.0
12540,6149,4.0,10%-15%,30.0,34.0
12540,7800,2.0,10%-15%,16.0,18.0
12540,10015,1.0,0%-10%,16.0,17.0
12540,11801,6.0,10%-15%,40.0,46.0
12546,5387,3.0,10%-15%,29.0,32.0
12550,3086,12.0,0%-10%,129.0,141.0
12550,3429,13.0,0%-10%,130.0,143.0
12550,3929,16.0,0%-10%,182.0,198.0
12550,5488,9.0,0%-10%,91.0,100.0
12550,6741,1.0,0%-10%,53.0,54.0
12550,8984,8.0,0%-10%,91.0,99.0
12550,9290,5.0,0%-10%,59.0,64.0
12550,9442,10.0,0%-10%,107.0,117.0
12550,9981,14.0,0%-10%,144.0,158.0
12550,10045,8.0,0%-10%,87.0,95.0
12563,410,15.0,10%-15%,102.0,117.0
12563,10141,1.0,0%-10%,16.0,17.0
12563,10313,21.0,15%-20%,106.0,127.0
12569,2364,4.0,0%-10%,60.0,64.0
12569,6058,10.0,0%-10%,106.0,116.0
12575,10891,1.0,10%-15%,8.0,9.0
12575,12512,3.0,15%-20%,16.0,19.0
12589,2096,4.0,0%-10%,40.0,44.0
12589,4359,4.0,0%-10%,40.0,44.0
12589,4964,1.0,0%-10%,16.0,17.0
12589,5829,6.0,0%-10%,60.0,66.0
12589,7647,2.0,0%-10%,20.0,22.0
12589,8199,1.0,0%-10%,16.0,17.0
12589,12799,1.0,0%-10%,16.0,17.0
12589,15268,1.0,0%-10%,16.0,17.0
12590,4952,9.0,0%-10%,98.0,107.0
12590,9478,6.0,0%-10%,65.0,71.0
12590,9560,7.0,0%-10%,75.0,82.0
12590,10780,4.0,0%-10%,55.0,59.0
12590,14007,14.0,0%-10%,147.0,161.0
12603,2413,7.0,0%-10%,79.0,86.0
12603,2850,28.0,0%-10%,280.0,308.0
12603,6638,7.0,0%-10%,76.0,83.0
12603,13353,5.0,0%-10%,50.0,55.0
12737,29,3.0,15%-20%,16.0,19.0
12737,3432,8.0,15%-20%,40.0,48.0
12771,4663,10.0,0%-10%,106.0,116.0
12771,12650,1.0,0%-10%,85.0,86.0
12804,123,8.0,0%-10%,86.0,94.0
12804,1740,9.0,0%-10%,95.0,104.0
12804,3439,6.0,0%-10%,60.0,66.0
12804,9354,13.0,0%-10%,131.0,144.0
12804,10244,14.0,0%-10%,146.0,160.0
12804,13294,4.0,0%-10%,60.0,64.0
12831,1142,10.0,0%-10%,101.0,111.0
12831,3480,1.0,0%-10%,16.0,17.0
12831,11186,4.0,0%-10%,40.0,44.0
12885,14306,1.0,0%-10%,72.0,73.0
12887,1768,5.0,10%-15%,39.0,44.0
12887,13960,2.0,10%-15%,16.0,18.0
12887,14933,1.0,0%-10%,16.0,17.0
12901,4007,6.0,0%-10%,62.0,68.0
12901,6344,6.0,0%-10%,63.0,69.0
12901,7192,2.0,0%-10%,40.0,42.0
12939,10936,1.0,10%-15%,8.0,9.0
12939,12856,3.0,15%-20%,16.0,19.0
12943,1561,1.0,10%-15%,8.0,9.0
12944,486,6.0,0%-10%,121.0,127.0
12946,9314,1.0,0%-10%,16.0,17.0
12946,9661,16.0,10%-15%,113.0,129.0
12946,10809,1.0,0%-10%,16.0,17.0
12946,12632,2.0,0%-10%,24.0,26.0
12953,3247,3.0,0%-10%,40.0,43.0
12953,4044,4.0,0%-10%,48.0,52.0
12953,13648,14.0,10%-15%,97.0,111.0
12979,4399,15.0,10%-15%,136.0,151.0
12981,4647,5.0,0%-10%,50.0,55.0
12981,8004,1.0,0%-10%,40.0,41.0
12985,89,2.0,10%-15%,16.0,18.0
12985,11407,2.0,10%-15%,16.0,18.0
13021,63,4.0,0%-10%,100.0,104.0
13021,5091,15.0,0%-10%,152.0,167.0
13021,5747,13.0,0%-10%,132.0,145.0
13021,6160,19.0,0%-10%,199.0,218.0
13021,8331,10.0,0%-10%,100.0,110.0
13021,8830,13.0,0%-10%,137.0,150.0
13021,13863,10.0,0%-10%,100.0,110.0
13029,14928,2.0,0%-10%,60.0,62.0
13031,1862,9.0,10%-15%,60.0,69.0
13031,2084,13.0,10%-15%,87.0,100.0
13031,3417,2.0,10%-15%,16.0,18.0
13031,7609,3.0,15%-20%,16.0,19.0
13031,7975,1.0,10%-15%,8.0,9.0
13031,8904,16.0,15%-20%,84.0,100.0
13031,10539,10.0,10%-15%,67.0,77.0
13031,11161,1.0,10%-15%,8.0,9.0
13032,735,8.0,10%-15%,54.0,62.0
13032,5595,4.0,0%-10%,45.0,49.0
13032,6729,7.0,10%-15%,47.0,54.0
13033,101,11.0,0%-10%,130.0,141.0
13036,6174,7.0,0%-10%,70.0,77.0
13036,11770,10.0,0%-10%,100.0,110.0
13036,14520,7.0,10%-15%,60.0,67.0
13039,6525,16.0,0%-10%,164.0,180.0
13039,6884,6.0,0%-10%,60.0,66.0
13039,7035,17.0,0%-10%,174.0,191.0
13039,12837,11.0,0%-10%,112.0,123.0
13045,12,8.0,0%-10%,85.0,93.0
13045,741,8.0,0%-10%,84.0,92.0
13045,1320,1.0,0%-10%,42.0,43.0
13045,1337,6.0,0%-10%,62.0,68.0
13045,2074,11.0,0%-10%,115.0,126.0
13045,3810,10.0,0%-10%,108.0,118.0
13045,6592,4.0,0%-10%,48.0,52.0
13045,11373,5.0,0%-10%,58.0,63.0
13045,11787,7.0,0%-10%,70.0,77.0
13057,685,2.0,10%-15%,16.0,18.0
13057,733,2.0,10%-15%,14.0,16.0
13057,752,1.0,10%-15%,8.0,9.0
13057,3111,1.0,10%-15%,8.0,9.0
13057,5872,15.0,10%-15%,100.0,115.0
13057,6342,20.0,10%-15%,135.0,155.0
13057,6928,6.0,10%-15%,40.0,46.0
13057,8202,6.0,10%-15%,40.0,46.0
13057,10033,12.0,10%-15%,82.0,94.0
13057,10069,2.0,10%-15%,16.0,18.0
13057,10397,2.0,10%-15%,16.0,18.0
13057,10470,2.0,10%-15%,16.0,18.0
13057,12513,17.0,10%-15%,116.0,133.0
13057,13923,2.0,10%-15%,16.0,18.0
13057,14288,1.0,10%-15%,8.0,9.0
13066,8851,11.0,0%-10%,115.0,126.0
13066,11327,1.0,0%-10%,87.0,88.0
13068,865,4.0,0%-10%,73.0,77.0
13069,499,7.0,0%-10%,75.0,82.0
13069,4336,4.0,0%-10%,60.0,64.0
13069,7211,6.0,0%-10%,60.0,66.0
13069,7237,7.0,0%-10%,72.0,79.0
13069,8248,5.0,0%-10%,50.0,55.0
13069,15013,5.0,0%-10%,50.0,55.0
13069,15286,5.0,0%-10%,50.0,55.0
13069,15314,6.0,0%-10%,72.0,78.0
13073,2172,1.0,0%-10%,16.0,17.0
13073,2999,1.0,0%-10%,16.0,17.0
13073,6829,9.0,10%-15%,60.0,69.0
13073,7621,6.0,10%-15%,40.0,46.0
13090,105,16.0,0%-10%,160.0,176.0
13090,3250,5.0,0%-10%,60.0,65.0
13090,4077,15.0,0%-10%,150.0,165.0
13090,4632,13.0,0%-10%,138.0,151.0
13090,5666,17.0,0%-10%,172.0,189.0
13090,7147,6.0,0%-10%,60.0,66.0
13090,8606,7.0,0%-10%,79.0,86.0
13090,11023,5.0,0%-10%,50.0,55.0
13090,11526,9.0,0%-10%,94.0,103.0
13090,14015,7.0,0%-10%,70.0,77.0
13104,9538,1.0,0%-10%,211.0,212.0
13108,3310,4.0,0%-10%,53.0,57.0
13114,2112,5.0,0%-10%,59.0,64.0
13126,12018,2.0,0%-10%,50.0,52.0
13126,13182,2.0,0%-10%,50.0,52.0
13135,6223,8.0,0%-10%,86.0,94.0
13135,10648,7.0,10%-15%,50.0,57.0
13135,13424,8.0,0%-10%,80.0,88.0
13143,7320,5.0,0%-10%,166.0,171.0
13165,940,5.0,0%-10%,54.0,59.0
13165,4052,7.0,0%-10%,71.0,78.0
13203,570,9.0,0%-10%,90.0,99.0
13203,3865,15.0,10%-15%,106.0,121.0
13203,6821,3.0,0%-10%,34.0,37.0
13203,7634,5.0,0%-10%,52.0,57.0
13203,9940,4.0,0%-10%,46.0,50.0
13203,12868,4.0,0%-10%,40.0,44.0
13210,1163,14.0,0%-10%,140.0,154.0
13212,5391,12.0,0%-10%,128.0,140.0
13212,12815,5.0,0%-10%,60.0,65.0
13214,2582,15.0,10%-15%,105.0,120.0
13214,6703,24.0,10%-15%,165.0,189.0
13214,7223,6.0,10%-15%,44.0,50.0
13215,2007,11.0,0%-10%,112.0,123.0
13215,4985,10.0,0%-10%,108.0,118.0
13215,9319,1.0,0%-10%,82.0,83.0
13219,6600,6.0,10%-15%,40.0,46.0
13219,11747,18.0,15%-20%,91.0,109.0
13219,13183,1.0,10%-15%,8.0,9.0
13219,15137,13.0,10%-15%,87.0,100.0
13340,12258,1.0,0%-10%,40.0,41.0
13421,1012,12.0,0%-10%,129.0,141.0
13421,5374,3.0,0%-10%,60.0,63.0
13440,4071,3.0,0%-10%,40.0,43.0
13440,5078,4.0,0%-10%,44.0,48.0
13440,5376,18.0,10%-15%,124.0,142.0
13440,7528,19.0,10%-15%,131.0,150.0
13440,8171,1.0,0%-10%,16.0,17.0
13440,10977,4.0,0%-10%,44.0,48.0
13473,3701,2.0,0%-10%,60.0,62.0
13478,1538,1.0,0%-10%,16.0,17.0
13478,11264,1.0,0%-10%,16.0,17.0
13478,13252,6.0,10%-15%,40.0,46.0
13492,5384,6.0,10%-15%,40.0,46.0
13492,5692,20.0,10%-15%,138.0,158.0
13492,10378,2.0,0%-10%,28.0,30.0
13501,2985,12.0,0%-10%,122.0,134.0
13501,6142,4.0,0%-10%,108.0,112.0
13501,8911,12.0,0%-10%,120.0,132.0
13501,10119,13.0,0%-10%,137.0,150.0
13501,10196,28.0,0%-10%,280.0,308.0
13502,533,1.0,0%-10%,16.0,17.0
13502,918,15.0,10%-15%,103.0,118.0
13502,1407,1.0,0%-10%,16.0,17.0
13502,1726,5.0,0%-10%,55.0,60.0
13502,2605,1.0,0%-10%,16.0,17.0
13502,2647,1.0,0%-10%,16.0,17.0
13502,3803,1.0,0%-10%,16.0,17.0
13502,4403,1.0,0%-10%,16.0,17.0
13502,5321,1.0,0%-10%,16.0,17.0
13502,6945,6.0,0%-10%,60.0,66.0
13502,7657,3.0,0%-10%,36.0,39.0
13502,11683,4.0,0%-10%,40.0,44.0
13502,12103,1.0,0%-10%,16.0,17.0
13601,3375,15.0,0%-10%,150.0,165.0
13601,5774,12.0,0%-10%,124.0,136.0
13601,6848,10.0,0%-10%,100.0,110.0
13601,7190,12.0,0%-10%,120.0,132.0
13601,7397,16.0,0%-10%,160.0,176.0
13601,7831,4.0,0%-10%,100.0,104.0
13601,11901,14.0,0%-10%,146.0,160.0
13601,12358,11.0,0%-10%,110.0,121.0
13606,1829,12.0,15%-20%,60.0,72.0
13606,5541,1.0,0%-10%,17.0,18.0
13615,3784,8.0,10%-15%,60.0,68.0
13617,11944,5.0,0%-10%,116.0,121.0
13619,15422,19.0,0%-10%,230.0,249.0
13620,5087,9.0,0%-10%,95.0,104.0
13625,12179,36.0,15%-20%,182.0,218.0
13625,15386,3.0,15%-20%,16.0,19.0
13630,12060,18.0,0%-10%,232.0,250.0
13652,15263,24.0,0%-10%,325.0,349.0
13676,2855,10.0,0%-10%,103.0,113.0
13676,5085,1.0,0%-10%,16.0,17.0
13676,7938,4.0,0%-10%,42.0,46.0
13676,14205,8.0,0%-10%,81.0,89.0
13743,12010,4.0,10%-15%,30.0,34.0
13754,797,3.0,0%-10%,34.0,37.0
13760,700,10.0,0%-10%,100.0,110.0
13760,2709,9.0,0%-10%,90.0,99.0
13760,3198,2.0,0%-10%,69.0,71.0
13760,6698,10.0,0%-10%,106.0,116.0
13760,10237,12.0,0%-10%,126.0,138.0
13760,11733,22.0,0%-10%,222.0,244.0
13760,13783,9.0,0%-10%,94.0,103.0
13775,328,2.0,10%-15%,18.0,20.0
13775,14180,2.0,10%-15%,16.0,18.0
13775,15284,14.0,10%-15%,98.0,112.0
13783,7009,2.0,0%-10%,90.0,92.0
13783,9862,10.0,0%-10%,100.0,110.0
13827,1306,4.0,0%-10%,64.0,68.0
13827,9257,15.0,0%-10%,150.0,165.0
13838,6886,7.0,15%-20%,38.0,45.0
13838,7593,41.0,15%-20%,209.0,250.0
13838,7764,1.0,10%-15%,8.0,9.0
13838,8181,2.0,10%-15%,16.0,18.0
13838,14998,2.0,10%-15%,16.0,18.0
13842,13529,1.0,10%-15%,8.0,9.0
13850,4893,19.0,0%-10%,193.0,212.0
13850,6626,28.0,0%-10%,288.0,316.0
13850,8426,10.0,0%-10%,108.0,118.0
13850,9162,13.0,0%-10%,130.0,143.0
13850,12712,2.0,0%-10%,30.0,32.0
13850,13162,9.0,0%-10%,90.0,99.0
13903,1107,11.0,0%-10%,113.0,124.0
13903,4809,9.0,0%-10%,98.0,107.0
13905,1188,1.0,0%-10%,208.0,209.0
14011,12304,4.0,0%-10%,44.0,48.0
14011,14113,8.0,0%-10%,80.0,88.0
14032,1890,4.0,0%-10%,44.0,48.0
14032,11017,4.0,0%-10%,48.0,52.0
14032,13615,3.0,0%-10%,40.0,43.0
14043,514,3.0,0%-10%,40.0,43.0
14043,1932,16.0,0%-10%,164.0,180.0
14043,4716,1.0,0%-10%,49.0,50.0
14043,7361,9.0,0%-10%,90.0,99.0
14043,8263,7.0,0%-10%,72.0,79.0
14043,10608,10.0,0%-10%,102.0,112.0
14043,10965,13.0,0%-10%,130.0,143.0
14043,11396,7.0,0%-10%,78.0,85.0
14043,14812,8.0,0%-10%,80.0,88.0
14048,8455,8.0,0%-10%,162.0,170.0
14051,4225,21.0,10%-15%,142.0,163.0
14051,4880,16.0,10%-15%,112.0,128.0
14051,11380,19.0,10%-15%,130.0,149.0
14052,1653,14.0,0%-10%,144.0,158.0
14052,3448,8.0,0%-10%,97.0,105.0
14072,998,10.0,0%-10%,100.0,110.0
14072,2863,15.0,0%-10%,156.0,171.0
14072,3155,16.0,0%-10%,166.0,182.0
14072,4782,9.0,0%-10%,99.0,108.0
14072,7659,3.0,0%-10%,85.0,88.0
14075,2040,6.0,0%-10%,69.0,75.0
14075,2637,6.0,0%-10%,62.0,68.0
14075,2830,12.0,0%-10%,128.0,140.0
14075,3227,3.0,0%-10%,44.0,47.0
14075,4168,9.0,0%-10%,94.0,103.0
14075,4976,6.0,0%-10%,62.0,68.0
14075,5530,6.0,0%-10%,64.0,70.0
14075,6494,1.0,0%-10%,44.0,45.0
14075,11624,10.0,0%-10%,109.0,119.0
14080,11433,5.0,0%-10%,83.0,88.0
14086,3195,3.0,0%-10%,35.0,38.0
14086,5294,23.0,10%-15%,154.0,177.0
14086,6702,12.0,0%-10%,122.0,134.0
14086,8040,4.0,0%-10%,44.0,48.0
14086,8132,15.0,10%-15%,102.0,117.0
14086,9717,6.0,10%-15%,44.0,50.0
14086,12157,13.0,10%-15%,90.0,103.0
14086,12265,21.0,10%-15%,141.0,162.0
14092,1081,13.0,10%-15%,88.0,101.0
14092,7345,16.0,15%-20%,89.0,105.0
14094,2810,12.0,0%-10%,120.0,132.0
14094,8998,12.0,0%-10%,120.0,132.0
14094,10384,3.0,0%-10%,99.0,102.0
14094,15007,4.0,0%-10%,60.0,64.0
14108,6607,3.0,0%-10%,30.0,33.0
14108,7958,1.0,0%-10%,16.0,17.0
14120,813,4.0,0%-10%,44.0,48.0
14120,1235,7.0,0%-10%,71.0,78.0
14120,2482,4.0,0%-10%,44.0,48.0
14120,3460,11.0,0%-10%,114.0,125.0
14120,3488,14.0,0%-10%,149.0,163.0
14120,4588,12.0,10%-15%,85.0,97.0
14120,5138,17.0,10%-15%,115.0,132.0
14120,5187,4.0,0%-10%,44.0,48.0
14120,5195,3.0,0%-10%,51.0,54.0
14120,6438,9.0,0%-10%,99.0,108.0
14120,15429,5.0,0%-10%,51.0,56.0
14127,1466,7.0,0%-10%,74.0,81.0
14127,6325,18.0,0%-10%,180.0,198.0
14127,7833,10.0,0%-10%,102.0,112.0
14127,8980,12.0,0%-10%,127.0,139.0
14127,9593,12.0,0%-10%,121.0,133.0
14127,11715,16.0,0%-10%,164.0,180.0
14127,13569,9.0,0%-10%,99.0,108.0
14150,4872,5.0,0%-10%,58.0,63.0
14150,5007,10.0,0%-10%,105.0,115.0
14150,5253,10.0,0%-10%,100.0,110.0
14150,6347,32.0,0%-10%,320.0,352.0
14150,6589,5.0,0%-10%,57.0,62.0
14150,8652,19.0,0%-10%,192.0,211.0
14150,8708,25.0,0%-10%,252.0,277.0
14150,8750,10.0,0%-10%,100.0,110.0
14150,10206,11.0,0%-10%,113.0,124.0
14150,15338,3.0,0%-10%,45.0,48.0
14201,3217,16.0,10%-15%,107.0,123.0
14201,5939,27.0,10%-15%,183.0,210.0
14201,6385,20.0,10%-15%,135.0,155.0
14201,6871,12.0,10%-15%,84.0,96.0
14201,8234,8.0,10%-15%,79.0,87.0
14202,3656,5.0,0%-10%,56.0,61.0
14202,6802,6.0,0%-10%,65.0,71.0
14202,14394,10.0,0%-10%,100.0,110.0
14204,3774,4.0,0%-10%,44.0,48.0
14204,9144,23.0,10%-15%,155.0,178.0
14204,12480,1.0,0%-10%,16.0,17.0
14204,12614,9.0,0%-10%,99.0,108.0
14206,532,8.0,10%-15%,57.0,65.0
14206,563,13.0,10%-15%,93.0,106.0
14206,2956,2.0,10%-15%,16.0,18.0
14206,4548,6.0,10%-15%,44.0,50.0
14206,7267,4.0,10%-15%,29.0,33.0
14206,11891,6.0,10%-15%,44.0,50.0
14206,15265,3.0,10%-15%,25.0,28.0
14208,4783,11.0,0%-10%,113.0,124.0
14208,10792,1.0,0%-10%,83.0,84.0
14211,1776,6.0,0%-10%,124.0,130.0
14214,9316,4.0,0%-10%,93.0,97.0
14214,9342,14.0,0%-10%,145.0,159.0
14215,3853,6.0,0%-10%,76.0,82.0
14215,4580,11.0,0%-10%,111.0,122.0
14215,11426,10.0,0%-10%,100.0,110.0
14216,1091,11.0,10%-15%,76.0,87.0
14216,2686,9.0,10%-15%,66.0,75.0
14216,8239,3.0,0%-10%,38.0,41.0
14216,10027,12.0,10%-15%,80.0,92.0
14216,11753,8.0,10%-15%,54.0,62.0
14218,1364,11.0,0%-10%,116.0,127.0
14218,2152,7.0,0%-10%,72.0,79.0
14218,3383,17.0,0%-10%,170.0,187.0
14218,8080,23.0,10%-15%,155.0,178.0
14218,11731,5.0,0%-10%,59.0,64.0
14218,12001,3.0,0%-10%,36.0,39.0
14220,3230,12.0,0%-10%,145.0,157.0
14221,1649,12.0,0%-10%,120.0,132.0
14221,1727,14.0,0%-10%,140.0,154.0
14221,2649,1.0,0%-10%,100.0,101.0
14221,3637,10.0,0%-10%,106.0,116.0
14221,5616,13.0,0%-10%,130.0,143.0
14221,5750,10.0,0%-10%,102.0,112.0
14221,6029,16.0,0%-10%,164.0,180.0
14221,6295,15.0,0%-10%,154.0,169.0
14221,8975,12.0,0%-10%,126.0,138.0
14221,11334,10.0,0%-10%,100.0,110.0
14221,14789,10.0,0%-10%,100.0,110.0
14222,4924,6.000001995000016,0%-10%,80.0,86.00000199500002
14222,11653,12.0,0%-10%,121.0,133.0
14223,745,4.0,0%-10%,44.0,48.0
14223,3393,4.0,0%-10%,44.0,48.0
14223,4036,14.0,0%-10%,143.0,157.0
14223,11284,4.0,0%-10%,44.0,48.0
14223,11296,15.0,10%-15%,100.0,115.0
14223,11867,4.0,0%-10%,44.0,48.0
14223,13489,6.0,0%-10%,61.0,67.0
14223,15516,3.0,0%-10%,35.0,38.0
14224,1354,17.0,10%-15%,119.0,136.0
14224,1464,26.0,10%-15%,174.0,200.0
14224,4247,8.0,10%-15%,59.0,67.0
14224,8187,19.0,10%-15%,127.0,146.0
14224,8873,15.0,10%-15%,104.0,119.0
14224,9288,10.0,10%-15%,68.0,78.0
14224,9687,6.0,10%-15%,42.0,48.0
14224,11562,2.0,10%-15%,16.0,18.0
14224,11595,5.0,10%-15%,38.0,43.0
14226,770,16.0,0%-10%,160.0,176.0
14226,902,18.0,0%-10%,180.0,198.0
14226,5324,12.0,0%-10%,120.0,132.0
14226,10453,12.0,0%-10%,120.0,132.0
14226,13750,4.0,0%-10%,114.0,118.0
14227,5574,4.0,0%-10%,140.0,144.0
14228,516,14.0,0%-10%,146.0,160.0
14228,1515,9.0,0%-10%,97.0,106.0
14228,6264,3.0,0%-10%,73.0,76.0
14228,6643,9.0,0%-10%,99.0,108.0
14228,7126,9.0,0%-10%,91.0,100.0
14228,10791,8.0,0%-10%,89.0,97.0
14301,5539,17.0,0%-10%,170.0,187.0
14301,8408,7.0,0%-10%,80.0,87.0
14303,1275,1.0,0%-10%,16.0,17.0
14303,3115,3.0,0%-10%,30.0,33.0
14303,9748,8.0,10%-15%,55.0,63.0
14304,2409,10.0,0%-10%,100.0,110.0
14304,2554,20.0,0%-10%,202.0,222.0
14304,5893,11.0,0%-10%,112.0,123.0
14304,10456,4.0,0%-10%,72.0,76.0
14304,11166,9.0,0%-10%,95.0,104.0
14304,11503,9.0,0%-10%,90.0,99.0
14305,1982,8.0,0%-10%,89.0,97.0
14305,2998,6.0,0%-10%,60.0,66.0
14305,3664,16.0,10%-15%,111.0,127.0
14305,5636,10.0,10%-15%,70.0,80.0
14305,6419,1.0,0%-10%,16.0,17.0
14305,8459,6.0,0%-10%,60.0,66.0
14305,10299,6.0,0%-10%,60.0,66.0
14414,65,1.0,10%-15%,8.0,9.0
14414,442,3.0,10%-15%,20.0,23.0
14414,1165,2.0,10%-15%,16.0,18.0
14414,4737,1.0,10%-15%,8.0,9.0
14414,8726,24.0,15%-20%,120.0,144.0
14414,10785,19.0,15%-20%,95.0,114.0
14424,11321,2.0,0%-10%,145.0,147.0
14425,7990,25.0,10%-15%,168.0,193.0
14432,278,11.0,0%-10%,110.0,121.0
14432,5554,9.0,10%-15%,63.0,72.0
14432,9890,9.0,10%-15%,60.0,69.0
14432,14105,10.0,10%-15%,72.0,82.0
14445,4341,5.0,0%-10%,262.0,267.0
14450,489,6.0,0%-10%,79.0,85.0
14450,7935,5.0,0%-10%,73.0,78.0
14450,11185,8.0,0%-10%,96.0,104.0
14450,14524,6.0,0%-10%,73.0,79.0
14456,477,7.0,0%-10%,70.0,77.0
14456,899,18.0,0%-10%,180.0,198.0
14456,7140,5.0,10%-15%,47.0,52.0
14456,7942,10.0,0%-10%,107.0,117.0
14456,10238,8.0,0%-10%,84.0,92.0
14456,11096,11.0,0%-10%,113.0,124.0
14456,11751,12.0,0%-10%,128.0,140.0
14468,81,3.0,10%-15%,25.0,28.0
14468,255,18.0,15%-20%,92.0,110.0
14468,3759,25.0,15%-20%,128.0,153.0
14468,6215,10.0,10%-15%,67.0,77.0
14468,6225,6.0,10%-15%,40.0,46.0
14468,10439,2.0,10%-15%,16.0,18.0
14468,14647,2.0,10%-15%,16.0,18.0
14470,7419,14.0,10%-15%,95.0,109.0
14470,13005,4.0,0%-10%,40.0,44.0
14510,74,2.0,0%-10%,20.0,22.0
14510,6320,35.0,10%-15%,234.0,269.0
14510,12900,5.0,0%-10%,56.0,61.0
14526,2068,10.0,0%-10%,104.0,114.0
14526,3462,8.0,0%-10%,83.0,91.0
14526,5118,12.0,0%-10%,120.0,132.0
14526,6629,13.0,0%-10%,133.0,146.0
14526,9423,4.0,0%-10%,79.0,83.0
14526,11414,15.0,0%-10%,153.0,168.0
14564,1880,14.0,0%-10%,148.0,162.0
14564,2699,17.0,10%-15%,118.0,135.0
14564,2818,20.0,10%-15%,135.0,155.0
14564,3711,6.0,0%-10%,66.0,72.0
14564,3999,17.0,0%-10%,175.0,192.0
14564,9158,4.0,0%-10%,48.0,52.0
14564,11957,10.0,0%-10%,100.0,110.0
14580,244,11.0,0%-10%,112.0,123.0
14580,2297,14.0,0%-10%,149.0,163.0
14580,3994,14.0,0%-10%,142.0,156.0
14580,5075,5.0,0%-10%,111.0,116.0
14580,8630,16.0,0%-10%,162.0,178.0
14580,10834,14.0,0%-10%,144.0,158.0
14608,10479,25.0,0%-10%,287.0,312.0
14609,303,21.0,10%-15%,144.0,165.0
14609,1147,9.0,0%-10%,94.0,103.0
14609,1425,8.0,0%-10%,85.0,93.0
14609,3778,15.0,10%-15%,104.0,119.0
14609,3973,25.0,10%-15%,171.0,196.0
14609,7908,18.0,10%-15%,120.0,138.0
14609,8656,3.0,0%-10%,31.0,34.0
14609,9089,8.0,0%-10%,86.0,94.0
14609,9180,4.0,0%-10%,46.0,50.0
14609,10831,6.0,0%-10%,60.0,66.0
14609,11112,16.0,10%-15%,113.0,129.0
14609,11204,3.0,0%-10%,32.0,35.0
14609,14499,12.0,10%-15%,86.0,98.0
14609,15407,12.0,10%-15%,85.0,97.0
14609,15471,9.0,0%-10%,90.0,99.0
14612,2389,2.0,10%-15%,16.0,18.0
14612,3551,2.0,10%-15%,16.0,18.0
14612,4018,1.0,0%-10%,16.0,17.0
14612,4120,1.0,0%-10%,16.0,17.0
14612,6777,2.0,10%-15%,18.0,20.0
14612,8244,19.0,10%-15%,127.0,146.0
14612,11959,1.0,0%-10%,16.0,17.0
14612,12154,1.0,0%-10%,16.0,17.0
14612,12234,1.0,0%-10%,16.0,17.0
14617,990,6.0,0%-10%,67.0,73.0
14617,4933,15.0,0%-10%,152.0,167.0
14617,8912,4.0,0%-10%,46.0,50.0
14617,11771,18.0,10%-15%,123.0,141.0
14617,15354,9.0,0%-10%,96.0,105.0
14621,357,7.0,10%-15%,50.0,57.0
14621,1497,22.0,0%-10%,221.0,243.0
14621,1500,6.0,0%-10%,66.0,72.0
14621,3885,12.0,10%-15%,86.0,98.0
14621,5618,4.0,0%-10%,46.0,50.0
14621,5680,13.0,0%-10%,135.0,148.0
14621,9105,1.0,0%-10%,16.0,17.0
14621,10037,20.0,10%-15%,135.0,155.0
14621,11466,1.0,0%-10%,16.0,17.0
14621,12275,1.0,0%-10%,16.0,17.0
14621,12497,1.0,0%-10%,16.0,17.0
14621,12518,1.0,0%-10%,16.0,17.0
14621,12685,1.0,0%-10%,16.0,17.0
14621,13460,1.0,0%-10%,16.0,17.0
14621,14006,6.0,0%-10%,60.0,66.0
14622,2473,11.0,10%-15%,74.0,85.0
14622,3001,7.0,10%-15%,49.0,56.0
14622,3075,2.0,10%-15%,16.0,18.0
14622,4601,1.0,10%-15%,8.0,9.0
14622,8668,2.0,10%-15%,16.0,18.0
14622,12732,2.0,10%-15%,16.0,18.0
14625,7431,16.0,0%-10%,160.0,176.0
14625,11377,7.0,0%-10%,141.0,148.0
14731,790,4.0,0%-10%,44.0,48.0
14731,10631,3.0,0%-10%,40.0,43.0
14774,8397,3.0,0%-10%,62.0,65.0
