zip_code,location_id,facility_type,capacity_0_12,capacity_0_5
10001,1,large,400,200
10001,71,small,100,50
10001,73,large,400,200
10002,35,large,400,200
10002,51,large,400,200
10002,54,large,400,200
10002,56,large,400,200
10002,86,large,400,200
10003,2,large,400,200
10003,24,large,400,200
10003,44,large,400,200
10003,47,large,400,200
10004,49,small,100,50
10004,84,large,400,200
10005,22,large,400,200
10005,47,large,400,200
10006,76,small,100,50
10007,0,large,400,200
10007,2,large,400,200
10009,0,large,400,200
10009,2,large,400,200
10009,9,large,400,200
10009,16,large,400,200
10009,68,large,400,200
10009,99,large,400,200
10010,0,large,400,200
10010,22,large,400,200
10010,23,large,400,200
10010,45,large,400,200
10010,46,large,400,200
10011,2,large,400,200
10011,71,large,400,200
10011,77,large,400,200
10012,0,large,400,200
10012,3,small,100,50
10012,20,large,400,200
10013,1,large,400,200
10013,52,large,400,200
10013,73,large,400,200
10013,74,large,400,200
10014,47,large,400,200
10016,0,large,400,200
10016,1,large,400,200
10016,51,large,400,200
10016,73,large,400,200
10016,74,large,400,200
10016,75,large,400,200
10017,68,large,400,200
10019,2,medium,200,100
10019,22,large,400,200
10019,46,large,400,200
10019,51,large,400,200
10021,2,large,400,200
10021,17,large,400,200
10021,51,large,400,200
10021,53,large,400,200
10021,67,large,400,200
10021,89,large,400,200
10022,0,large,400,200
10022,1,large,400,200
10022,17,small,100,50
10022,23,large,400,200
10022,45,large,400,200
10023,2,large,400,200
10023,3,large,400,200
10023,4,large,400,200
10023,11,large,400,200
10023,12,large,400,200
10023,13,large,400,200
10023,14,large,400,200
10023,50,large,400,200
10023,54,large,400,200
10023,55,large,400,200
10023,56,large,400,200
10024,2,large,400,200
10024,6,large,400,200
10024,8,large,400,200
10024,15,large,400,200
10024,20,large,400,200
10024,28,large,400,200
10024,31,medium,200,100
10024,43,large,400,200
10024,61,large,400,200
10024,67,large,400,200
10024,68,large,400,200
10024,69,large,400,200
10024,71,large,400,200
10024,72,large,400,200
10025,0,large,400,200
10025,7,large,400,200
10025,9,large,400,200
10025,23,large,400,200
10025,31,large,400,200
10025,52,large,400,200
10025,53,large,400,200
10025,64,large,400,200
10025,75,large,400,200
10025,76,large,400,200
10025,77,large,400,200
10025,90,large,400,200
10025,91,large,400,200
10025,92,large,400,200
10026,5,large,400,200
10026,27,large,400,200
10026,44,large,400,200
10026,48,large,400,200
10026,73,large,400,200
10026,89,large,400,200
10026,96,large,400,200
10027,36,large,400,200
10027,38,large,400,200
10027,44,large,400,200
10027,66,large,400,200
10027,72,large,400,200
10027,74,large,400,200
10027,78,large,400,200
10027,79,large,400,200
10027,83,large,400,200
10027,89,large,400,200
10027,97,large,400,200
10028,0,large,400,200
10028,1,large,400,200
10028,50,large,400,200
10028,56,medium,200,100
10028,72,large,400,200
10028,74,large,400,200
10029,3,large,400,200
10029,4,large,400,200
10029,5,large,400,200
10029,11,large,400,200
10029,24,large,400,200
10029,35,large,400,200
10029,46,large,400,200
10029,71,large,400,200
10029,72,large,400,200
10029,76,large,400,200
10029,77,large,400,200
10029,79,large,400,200
10030,25,large,400,200
10030,43,large,400,200
10030,44,large,400,200
10030,76,large,400,200
10030,81,large,400,200
10030,87,large,400,200
10031,58,large,400,200
10031,62,large,400,200
10031,66,large,400,200
10031,84,large,400,200
10031,86,medium,200,100
10031,92,large,400,200
10031,93,large,400,200
10031,97,large,400,200
10032,0,large,400,200
10032,18,large,400,200
10032,43,large,400,200
10032,69,large,400,200
10032,70,large,400,200
10032,93,large,400,200
10033,0,large,400,200
10033,1,large,400,200
10033,9,large,400,200
10033,11,large,400,200
10033,14,large,400,200
10033,19,large,400,200
10033,30,large,400,200
10033,40,large,400,200
10033,45,large,400,200
10033,91,large,400,200
10034,22,large,400,200
10034,24,large,400,200
10034,39,large,400,200
10034,42,large,400,200
10034,49,large,400,200
10034,78,large,400,200
10034,79,large,400,200
10034,80,large,400,200
10035,24,large,400,200
10035,28,large,400,200
10035,37,large,400,200
10035,56,large,400,200
10035,65,large,400,200
10035,73,large,400,200
10035,75,large,400,200
10036,1,large,400,200
10036,3,large,400,200
10037,72,small,100,50
10037,73,large,400,200
10037,74,large,400,200
10037,94,large,400,200
10038,0,large,400,200
10038,72,large,400,200
10039,1,large,400,200
10039,2,large,400,200
10039,4,large,400,200
10039,26,large,400,200
10039,71,large,400,200
10039,93,large,400,200
10040,2,large,400,200
10040,3,large,400,200
10040,5,large,400,200
10040,37,large,400,200
10040,68,large,400,200
10040,72,large,400,200
10044,1,large,400,200
10044,23,large,400,200
10044,24,large,400,200
10065,0,large,400,200
10065,1,large,400,200
10065,10,large,400,200
10065,11,large,400,200
10065,12,large,400,200
10065,19,large,400,200
10065,20,large,400,200
10069,0,large,400,200
10069,1,medium,200,100
10069,45,large,400,200
10075,71,large,400,200
10075,75,large,400,200
10075,77,large,400,200
10075,94,large,400,200
10128,0,large,400,200
10128,1,large,400,200
10128,2,large,400,200
10128,13,small,100,50
10128,22,large,400,200
10128,23,large,400,200
10128,25,large,400,200
10128,46,large,400,200
10128,47,large,400,200
10128,48,large,400,200
10280,51,large,400,200
10282,38,small,100,50
10282,80,large,400,200
10301,5,large,400,200
10301,6,large,400,200
10301,7,large,400,200
10301,17,large,400,200
10301,27,large,400,200
10301,34,large,400,200
10301,55,large,400,200
10301,57,large,400,200
10301,63,large,400,200
10302,0,large,400,200
10302,63,large,400,200
10302,76,small,100,50
10302,88,large,400,200
10302,95,large,400,200
10303,3,large,400,200
10303,4,large,400,200
10303,30,large,400,200
10303,42,large,400,200
10304,1,large,400,200
10304,5,large,400,200
10304,7,large,400,200
10304,62,large,400,200
10304,66,large,400,200
10304,95,large,400,200
10304,99,large,400,200
10305,0,large,400,200
10305,5,large,400,200
10305,25,large,400,200
10305,28,small,100,50
10305,58,large,400,200
10305,88,large,400,200
10306,6,large,400,200
10306,43,medium,200,100
10306,49,large,400,200
10306,65,large,400,200
10306,69,large,400,200
10306,78,large,400,200
10306,82,large,400,200
10306,90,large,400,200
10306,99,large,400,200
10307,11,large,400,200
10307,21,large,400,200
10307,22,medium,200,100
10307,91,large,400,200
10308,0,large,400,200
10308,1,large,400,200
10308,23,large,400,200
10308,62,medium,200,100
10309,0,large,400,200
10309,1,large,400,200
10309,9,large,400,200
10309,10,large,400,200
10309,13,small,100,50
10309,20,large,400,200
10309,21,large,400,200
10310,1,large,400,200
10310,2,large,400,200
10310,6,large,400,200
10310,24,large,400,200
10310,57,large,400,200
10310,61,large,400,200
10310,99,large,400,200
10312,5,large,400,200
10312,13,large,400,200
10312,25,large,400,200
10312,26,large,400,200
10312,28,large,400,200
10312,34,large,400,200
10312,42,large,400,200
10312,49,large,400,200
10312,67,large,400,200
10312,71,large,400,200
10312,85,large,400,200
10312,95,large,400,200
10314,0,large,400,200
10314,1,large,400,200
10314,4,large,400,200
10314,5,large,400,200
10314,6,large,400,200
10314,16,large,400,200
10314,26,large,400,200
10314,46,large,400,200
10314,54,large,400,200
10314,56,large,400,200
10314,63,large,400,200
10314,67,large,400,200
10314,72,large,400,200
10314,85,large,400,200
10314,91,large,400,200
10314,94,large,400,200
10314,96,large,400,200
10451,3,large,400,200
10451,17,large,400,200
10451,18,large,400,200
10451,24,large,400,200
10451,37,large,400,200
10451,51,large,400,200
10451,52,large,400,200
10451,57,large,400,200
10451,78,large,400,200
10451,86,large,400,200
10451,95,large,400,200
10452,12,large,400,200
10452,22,large,400,200
10452,32,large,400,200
10452,33,large,400,200
10452,36,large,400,200
10452,44,large,400,200
10452,48,large,400,200
10452,57,large,400,200
10452,60,large,400,200
10452,70,large,400,200
10452,79,large,400,200
10452,83,large,400,200
10452,85,large,400,200
10452,90,large,400,200
10452,92,large,400,200
10452,94,large,400,200
10453,2,large,400,200
10453,5,large,400,200
10453,22,large,400,200
10453,25,large,400,200
10453,30,large,400,200
10453,40,large,400,200
10453,50,large,400,200
10453,52,large,400,200
10453,55,large,400,200
10453,57,large,400,200
10453,61,large,400,200
10453,64,large,400,200
10453,66,large,400,200
10453,67,large,400,200
10453,72,large,400,200
10453,86,large,400,200
10454,37,large,400,200
10454,58,large,400,200
10454,68,large,400,200
10454,80,large,400,200
10454,83,large,400,200
10454,85,large,400,200
10454,86,large,400,200
10454,96,large,400,200
10455,0,large,400,200
10455,32,large,400,200
10455,56,large,400,200
10455,61,large,400,200
10455,72,large,400,200
10455,76,large,400,200
10455,77,large,400,200
10455,97,large,400,200
10456,1,large,400,200
10456,3,large,400,200
10456,6,large,400,200
10456,7,large,400,200
10456,12,large,400,200
10456,30,large,400,200
10456,31,large,400,200
10456,40,large,400,200
10456,47,large,400,200
10456,50,large,400,200
10456,51,large,400,200
10456,55,large,400,200
10456,60,large,400,200
10456,74,large,400,200
10456,77,large,400,200
10456,80,large,400,200
10456,83,large,400,200
10456,87,large,400,200
10456,89,large,400,200
10456,97,large,400,200
10457,7,large,400,200
10457,9,large,400,200
10457,18,large,400,200
10457,23,large,400,200
10457,25,large,400,200
10457,27,large,400,200
10457,28,large,400,200
10457,30,large,400,200
10457,32,large,400,200
10457,35,large,400,200
10457,39,large,400,200
10457,43,large,400,200
10457,45,large,400,200
10457,46,large,400,200
10457,53,large,400,200
10457,56,large,400,200
10457,64,large,400,200
10457,67,large,400,200
10457,74,large,400,200
10457,78,large,400,200
10457,80,large,400,200
10458,7,large,400,200
10458,16,large,400,200
10458,20,large,400,200
10458,22,large,400,200
10458,26,large,400,200
10458,33,large,400,200
10458,37,large,400,200
10458,39,large,400,200
10458,50,large,400,200
10458,61,large,400,200
10458,66,large,400,200
10458,69,large,400,200
10458,72,large,400,200
10458,74,large,400,200
10458,81,large,400,200
10458,85,large,400,200
10458,90,large,400,200
10458,91,large,400,200
10459,9,large,400,200
10459,15,large,400,200
10459,25,large,400,200
10459,26,large,400,200
10459,38,large,400,200
10459,51,large,400,200
10459,63,large,400,200
10459,64,large,400,200
10459,71,large,400,200
10459,83,large,400,200
10459,84,large,400,200
10459,87,large,400,200
10460,7,large,400,200
10460,11,large,400,200
10460,13,large,400,200
10460,14,large,400,200
10460,20,large,400,200
10460,22,large,400,200
10460,27,large,400,200
10460,28,large,400,200
10460,29,large,400,200
10460,30,large,400,200
10460,71,large,400,200
10460,94,large,400,200
10461,0,large,400,200
10461,1,large,400,200
10461,4,large,400,200
10461,6,large,400,200
10461,7,large,400,200
10461,18,large,400,200
10461,27,large,400,200
10461,86,large,400,200
10461,98,large,400,200
10462,6,large,400,200
10462,24,large,400,200
10462,25,large,400,200
10462,28,large,400,200
10462,44,large,400,200
10462,46,large,400,200
10462,49,large,400,200
10462,54,large,400,200
10462,55,large,400,200
10462,66,large,400,200
10462,73,large,400,200
10462,74,large,400,200
10462,79,large,400,200
10462,85,large,400,200
10462,86,large,400,200
10462,88,large,400,200
10462,98,large,400,200
10462,99,large,400,200
10463,0,large,400,200
10463,8,large,400,200
10463,12,large,400,200
10463,13,large,400,200
10463,16,large,400,200
10463,20,large,400,200
10463,25,large,400,200
10463,32,large,400,200
10463,71,large,400,200
10463,73,large,400,200
10463,85,large,400,200
10463,92,large,400,200
10463,99,large,400,200
10464,84,small,100,50
10465,9,large,400,200
10465,13,large,400,200
10465,33,large,400,200
10465,48,large,400,200
10465,51,large,400,200
10465,60,large,400,200
10465,62,large,400,200
10465,67,large,400,200
10465,85,small,100,50
10465,93,large,400,200
10465,95,large,400,200
10466,4,large,400,200
10466,36,large,400,200
10466,37,large,400,200
10466,40,large,400,200
10466,41,large,400,200
10466,53,large,400,200
10466,54,large,400,200
10466,63,large,400,200
10466,77,large,400,200
10466,78,large,400,200
10466,82,large,400,200
10466,88,large,400,200
10466,95,large,400,200
10466,97,large,400,200
10467,22,large,400,200
10467,25,large,400,200
10467,27,large,400,200
10467,30,large,400,200
10467,40,large,400,200
10467,41,large,400,200
10467,44,large,400,200
10467,49,large,400,200
10467,60,large,400,200
10467,62,large,400,200
10467,77,large,400,200
10467,80,large,400,200
10467,82,large,400,200
10467,83,large,400,200
10467,84,large,400,200
10467,89,large,400,200
10467,93,large,400,200
10467,94,large,400,200
10467,98,large,400,200
10468,9,large,400,200
10468,14,large,400,200
10468,17,large,400,200
10468,23,large,400,200
10468,26,large,400,200
10468,31,large,400,200
10468,34,large,400,200
10468,36,large,400,200
10468,40,large,400,200
10468,46,large,400,200
10468,48,large,400,200
10468,51,large,400,200
10468,56,large,400,200
10468,57,large,400,200
10468,63,large,400,200
10468,69,large,400,200
10468,74,large,400,200
10468,79,large,400,200
10468,80,large,400,200
10468,89,large,400,200
10468,96,large,400,200
10469,1,large,400,200
10469,25,large,400,200
10469,42,large,400,200
10469,75,large,400,200
10469,76,large,400,200
10469,78,large,400,200
10469,79,large,400,200
10469,80,large,400,200
10469,83,large,400,200
10469,84,large,400,200
10469,86,large,400,200
10469,95,large,400,200
10469,96,large,400,200
10469,98,large,400,200
10470,23,large,400,200
10470,44,large,400,200
10470,72,large,400,200
10470,74,small,100,50
10470,99,large,400,200
10471,2,large,400,200
10471,52,large,400,200
10471,54,small,100,50
10471,77,large,400,200
10472,15,large,400,200
10472,20,large,400,200
10472,21,large,400,200
10472,28,large,400,200
10472,33,large,400,200
10472,54,large,400,200
10472,58,large,400,200
10472,70,large,400,200
10472,72,large,400,200
10472,73,large,400,200
10472,74,large,400,200
10472,77,large,400,200
10472,89,large,400,200
10472,91,large,400,200
10472,96,large,400,200
10472,97,large,400,200
10472,98,large,400,200
10473,33,large,400,200
10473,37,large,400,200
10473,40,large,400,200
10473,45,large,400,200
10473,47,large,400,200
10473,52,large,400,200
10473,57,large,400,200
10473,61,large,400,200
10473,63,large,400,200
10473,71,large,400,200
10473,80,large,400,200
10474,29,large,400,200
10474,34,large,400,200
10474,55,large,400,200
10475,8,large,400,200
10475,26,large,400,200
10475,30,large,400,200
10475,63,large,400,200
10475,66,large,400,200
10475,67,large,400,200
10475,68,large,400,200
10475,69,large,400,200
10475,70,large,400,200
10475,87,large,400,200
10502,4,large,400,200
10506,45,large,400,200
10507,21,large,400,200
10511,90,medium,200,100
10512,23,large,400,200
10512,51,large,400,200
10512,52,large,400,200
10514,2,medium,200,100
10516,19,small,100,50
10524,96,medium,200,100
10528,40,small,100,50
10530,50,large,400,200
10530,51,large,400,200
10533,29,large,400,200
10533,62,small,100,50
10536,88,large,400,200
10538,26,large,400,200
10538,88,large,400,200
10541,98,large,400,200
10543,12,large,400,200
10543,48,medium,200,100
10548,35,large,400,200
10549,12,medium,200,100
10549,20,large,400,200
10550,26,large,400,200
10550,29,large,400,200
10550,51,large,400,200
10550,72,large,400,200
10550,96,large,400,200
10550,99,small,100,50
10552,34,large,400,200
10552,74,large,400,200
10552,80,medium,200,100
10553,0,large,400,200
10553,4,medium,200,100
10560,22,large,400,200
10560,72,small,100,50
10562,22,large,400,200
10562,48,small,100,50
10562,63,large,400,200
10566,87,small,100,50
10566,89,large,400,200
10567,66,large,400,200
10567,83,large,400,200
10567,99,large,400,200
10570,45,large,400,200
10570,67,medium,200,100
10573,29,large,400,200
10573,30,large,400,200
10573,34,large,400,200
10573,90,large,400,200
10573,94,large,400,200
10576,17,medium,200,100
10580,1,large,400,200
10580,22,large,400,200
10583,10,large,400,200
10583,99,large,400,200
10588,6,small,100,50
10588,53,large,400,200
10589,50,medium,200,100
10590,11,small,100,50
10591,93,medium,200,100
10594,61,small,100,50
10594,84,large,400,200
10603,1,large,400,200
10603,2,large,400,200
10603,11,large,400,200
10603,92,medium,200,100
10607,84,small,100,50
10701,46,large,400,200
10701,48,large,400,200
10701,49,large,400,200
10701,54,large,400,200
10701,55,large,400,200
10701,57,large,400,200
10701,60,large,400,200
10701,61,large,400,200
10701,88,large,400,200
10701,94,large,400,200
10701,99,large,400,200
10703,68,large,400,200
10703,85,large,400,200
10703,95,large,400,200
10704,54,large,400,200
10704,65,large,400,200
10704,70,large,400,200
10704,73,large,400,200
10704,90,large,400,200
10704,93,large,400,200
10705,0,large,400,200
10705,4,large,400,200
10705,37,large,400,200
10705,48,large,400,200
10705,78,large,400,200
10707,82,large,400,200
10708,0,large,400,200
10708,10,large,400,200
10708,21,large,400,200
10708,90,small,100,50
10709,7,small,100,50
10709,24,large,400,200
10710,38,large,400,200
10710,49,large,400,200
10710,68,large,400,200
10710,84,large,400,200
10801,49,large,400,200
10801,79,large,400,200
10801,90,large,400,200
10803,37,medium,200,100
10805,1,large,400,200
10805,50,large,400,200
10805,61,small,100,50
10805,72,large,400,200
10901,54,large,400,200
10901,61,large,400,200
10901,96,medium,200,100
10916,26,large,400,200
10917,43,large,400,200
10918,0,large,400,200
10918,46,large,400,200
10923,1,large,400,200
10923,5,small,100,50
10923,62,large,400,200
10924,2,large,400,200
10925,48,medium,200,100
10925,73,small,100,50
10926,45,large,400,200
10927,21,large,400,200
10927,54,large,400,200
10928,4,large,400,200
10930,12,large,400,200
10940,29,large,400,200
10940,48,large,400,200
10940,55,large,400,200
10940,64,large,400,200
10940,74,large,400,200
10940,85,large,400,200
10940,96,large,400,200
10950,0,large,400,200
10950,11,large,400,200
10950,19,small,100,50
10950,20,large,400,200
10950,38,large,400,200
10950,40,large,400,200
10950,42,large,400,200
10950,43,large,400,200
10950,44,large,400,200
10950,45,large,400,200
10950,46,large,400,200
10950,48,large,400,200
10950,50,large,400,200
10950,52,large,400,200
10950,56,large,400,200
10950,57,large,400,200
10950,61,large,400,200
10950,62,large,400,200
10950,66,large,400,200
10950,67,large,400,200
10950,69,large,400,200
10950,71,large,400,200
10950,73,large,400,200
10950,74,large,400,200
10950,75,large,400,200
10950,80,large,400,200
10950,98,large,400,200
10952,10,large,400,200
10952,13,large,400,200
10952,15,large,400,200
10952,20,large,400,200
10952,34,large,400,200
10952,36,large,400,200
10952,49,large,400,200
10952,51,large,400,200
10952,60,large,400,200
10952,75,large,400,200
10952,80,large,400,200
10952,81,large,400,200
10952,82,large,400,200
10952,83,large,400,200
10952,84,large,400,200
10952,85,large,400,200
10952,87,large,400,200
10952,90,large,400,200
10952,91,large,400,200
10952,93,large,400,200
10952,94,large,400,200
10952,98,large,400,200
10952,99,large,400,200
10954,2,large,400,200
10954,22,large,400,200
10954,23,large,400,200
10954,47,large,400,200
10956,39,large,400,200
10960,12,medium,200,100
10962,84,large,400,200
10963,31,medium,200,100
10965,50,large,400,200
10970,2,large,400,200
10970,51,large,400,200
10970,73,medium,200,100
10970,75,large,400,200
10974,96,large,400,200
10977,0,large,400,200
10977,4,large,400,200
10977,10,large,400,200
10977,15,large,400,200
10977,21,large,400,200
10977,33,large,400,200
10977,36,large,400,200
10977,39,large,400,200
10977,41,large,400,200
10977,44,large,400,200
10977,48,large,400,200
10977,50,large,400,200
10977,51,large,400,200
10977,52,large,400,200
10977,53,large,400,200
10977,56,large,400,200
10977,57,large,400,200
10977,65,large,400,200
10977,69,large,400,200
10977,71,large,400,200
10977,75,large,400,200
10977,80,large,400,200
10980,47,large,400,200
10980,75,large,400,200
10983,97,medium,200,100
10984,39,large,400,200
10987,42,medium,200,100
10989,22,small,100,50
10990,0,large,400,200
10992,27,large,400,200
10998,0,large,400,200
11001,45,large,400,200
11001,50,large,400,200
11001,51,large,400,200
11003,23,large,400,200
11003,24,large,400,200
11003,30,large,400,200
11003,54,large,400,200
11003,56,large,400,200
11003,57,large,400,200
11003,97,large,400,200
11004,16,large,400,200
11004,38,large,400,200
11004,99,large,400,200
11010,2,large,400,200
11010,24,large,400,200
11010,52,large,400,200
11010,53,large,400,200
11010,54,large,400,200
11020,45,small,100,50
11021,41,large,400,200
11021,78,large,400,200
11023,0,large,400,200
11023,24,small,100,50
11024,11,large,400,200
11030,52,large,400,200
11040,7,large,400,200
11040,99,large,400,200
11050,63,large,400,200
11096,48,large,400,200
11096,74,large,400,200
11101,10,large,400,200
11101,27,large,400,200
11101,50,large,400,200
11101,77,large,400,200
11101,80,large,400,200
11101,97,large,400,200
11102,1,large,400,200
11102,2,large,400,200
11102,5,large,400,200
11102,76,large,400,200
11103,2,large,400,200
11103,26,large,400,200
11103,51,large,400,200
11103,53,large,400,200
11103,54,large,400,200
11104,24,large,400,200
11104,25,large,400,200
11104,26,large,400,200
11104,51,large,400,200
11104,52,large,400,200
11105,0,large,400,200
11105,3,large,400,200
11105,10,large,400,200
11105,24,large,400,200
11105,43,medium,200,100
11105,44,large,400,200
11105,52,large,400,200
11106,3,large,400,200
11106,13,large,400,200
11106,29,large,400,200
11106,53,large,400,200
11106,61,large,400,200
11106,63,large,400,200
11109,54,large,400,200
11109,65,large,400,200
11109,75,large,400,200
11201,1,large,400,200
11201,2,large,400,200
11201,3,large,400,200
11201,4,large,400,200
11201,5,large,400,200
11201,6,large,400,200
11201,11,large,400,200
11201,18,large,400,200
11201,21,large,400,200
11201,26,large,400,200
11201,55,large,400,200
11201,56,large,400,200
11201,82,large,400,200
11201,86,large,400,200
11201,87,large,400,200
11201,97,large,400,200
11203,18,large,400,200
11203,22,large,400,200
11203,31,large,400,200
11203,38,large,400,200
11203,39,large,400,200
11203,40,large,400,200
11203,44,large,400,200
11203,46,large,400,200
11203,53,large,400,200
11203,57,large,400,200
11203,92,large,400,200
11203,98,large,400,200
11204,1,large,400,200
11204,4,large,400,200
11204,7,large,400,200
11204,8,large,400,200
11204,11,large,400,200
11204,15,large,400,200
11204,21,large,400,200
11204,42,large,400,200
11204,57,large,400,200
11204,67,large,400,200
11204,68,large,400,200
11204,76,large,400,200
11204,80,large,400,200
11204,85,large,400,200
11204,86,large,400,200
11204,88,large,400,200
11204,89,large,400,200
11204,90,large,400,200
11204,91,large,400,200
11204,92,large,400,200
11204,93,large,400,200
11204,94,large,400,200
11204,96,large,400,200
11205,0,large,400,200
11205,1,large,400,200
11205,2,large,400,200
11205,3,large,400,200
11205,4,large,400,200
11205,5,large,400,200
11205,52,large,400,200
11205,54,large,400,200
11205,56,large,400,200
11205,58,large,400,200
11205,60,medium,200,100
11205,75,large,400,200
11205,76,large,400,200
11205,78,large,400,200
11205,79,large,400,200
11205,80,large,400,200
11206,1,large,400,200
11206,3,large,400,200
11206,9,large,400,200
11206,18,large,400,200
11206,20,large,400,200
11206,22,large,400,200
11206,24,large,400,200
11206,29,large,400,200
11206,32,large,400,200
11206,34,large,400,200
11206,35,large,400,200
11206,36,large,400,200
11206,39,large,400,200
11206,40,large,400,200
11206,41,large,400,200
11206,50,large,400,200
11206,53,large,400,200
11206,55,large,400,200
11206,60,large,400,200
11206,61,large,400,200
11206,81,large,400,200
11206,82,large,400,200
11206,90,large,400,200
11207,0,large,400,200
11207,6,large,400,200
11207,7,large,400,200
11207,16,large,400,200
11207,17,large,400,200
11207,22,large,400,200
11207,24,large,400,200
11207,39,large,400,200
11207,49,large,400,200
11207,50,large,400,200
11207,51,large,400,200
11207,54,large,400,200
11207,55,large,400,200
11207,56,large,400,200
11207,61,large,400,200
11207,74,large,400,200
11207,81,large,400,200
11207,83,large,400,200
11207,95,large,400,200
11208,1,large,400,200
11208,3,large,400,200
11208,7,large,400,200
11208,8,large,400,200
11208,9,large,400,200
11208,27,large,400,200
11208,28,large,400,200
11208,31,large,400,200
11208,57,large,400,200
11208,58,large,400,200
11208,65,large,400,200
11208,69,large,400,200
11208,70,large,400,200
11208,73,large,400,200
11208,74,large,400,200
11208,75,large,400,200
11208,77,large,400,200
11208,79,large,400,200
11208,84,large,400,200
11208,87,large,400,200
11208,89,large,400,200
11208,90,large,400,200
11208,91,large,400,200
11208,92,large,400,200
11208,94,large,400,200
11208,95,large,400,200
11209,1,large,400,200
11209,26,medium,200,100
11209,62,large,400,200
11209,63,large,400,200
11209,68,large,400,200
11209,70,large,400,200
11209,74,large,400,200
11209,75,large,400,200
11209,76,large,400,200
11209,80,large,400,200
11209,81,large,400,200
11209,85,large,400,200
11209,86,large,400,200
11209,95,large,400,200
11210,2,large,400,200
11210,15,large,400,200
11210,17,large,400,200
11210,18,large,400,200
11210,21,large,400,200
11210,25,large,400,200
11210,26,large,400,200
11210,44,large,400,200
11210,56,large,400,200
11210,66,large,400,200
11210,77,large,400,200
11211,23,large,400,200
11211,25,large,400,200
11211,31,large,400,200
11211,37,large,400,200
11211,41,large,400,200
11211,42,large,400,200
11211,46,large,400,200
11211,47,large,400,200
11211,53,large,400,200
11211,54,large,400,200
11211,55,large,400,200
11211,61,large,400,200
11211,68,large,400,200
11211,70,large,400,200
11211,72,large,400,200
11212,1,large,400,200
11212,9,large,400,200
11212,20,large,400,200
11212,23,large,400,200
11212,24,large,400,200
11212,31,large,400,200
11212,46,large,400,200
11212,59,large,400,200
11212,63,large,400,200
11212,64,large,400,200
11212,70,large,400,200
11212,71,large,400,200
11212,72,large,400,200
11212,74,large,400,200
11212,78,large,400,200
11212,83,large,400,200
11212,89,large,400,200
11212,91,large,400,200
11213,25,large,400,200
11213,26,large,400,200
11213,30,large,400,200
11213,36,large,400,200
11213,40,large,400,200
11213,44,large,400,200
11213,47,large,400,200
11213,54,large,400,200
11213,68,large,400,200
11213,76,large,400,200
11213,84,large,400,200
11213,85,large,400,200
11213,92,large,400,200
11213,97,large,400,200
11213,99,large,400,200
11214,1,large,400,200
11214,14,large,400,200
11214,26,large,400,200
11214,29,large,400,200
11214,31,large,400,200
11214,32,large,400,200
11214,33,large,400,200
11214,34,large,400,200
11214,42,large,400,200
11214,44,large,400,200
11214,49,medium,200,100
11214,50,large,400,200
11214,72,large,400,200
11214,75,large,400,200
11214,88,large,400,200
11214,95,large,400,200
11214,97,large,400,200
11215,1,large,400,200
11215,20,large,400,200
11215,25,large,400,200
11215,26,large,400,200
11215,30,large,400,200
11215,36,large,400,200
11215,52,large,400,200
11215,53,large,400,200
11215,63,large,400,200
11215,71,large,400,200
11215,73,large,400,200
11215,76,large,400,200
11215,86,large,400,200
11215,87,large,400,200
11215,93,large,400,200
11215,94,large,400,200
11215,97,large,400,200
11215,98,large,400,200
11216,3,large,400,200
11216,5,large,400,200
11216,29,large,400,200
11216,30,large,400,200
11216,32,large,400,200
11216,35,large,400,200
11216,41,large,400,200
11216,90,large,400,200
11216,95,large,400,200
11216,96,large,400,200
11217,4,large,400,200
11217,13,large,400,200
11217,16,large,400,200
11217,26,large,400,200
11217,27,large,400,200
11217,30,large,400,200
11217,32,large,400,200
11217,33,large,400,200
11217,35,large,400,200
11217,37,large,400,200
11217,72,large,400,200
11217,82,large,400,200
11218,0,large,400,200
11218,1,large,400,200
11218,10,large,400,200
11218,12,large,400,200
11218,14,large,400,200
11218,15,large,400,200
11218,16,large,400,200
11218,20,large,400,200
11218,21,large,400,200
11218,23,large,400,200
11218,25,large,400,200
11218,37,large,400,200
11218,49,large,400,200
11218,73,large,400,200
11218,98,large,400,200
11219,0,large,400,200
11219,5,large,400,200
11219,12,large,400,200
11219,15,large,400,200
11219,16,large,400,200
11219,22,large,400,200
11219,23,large,400,200
11219,25,large,400,200
11219,30,large,400,200
11219,34,large,400,200
11219,35,large,400,200
11219,41,large,400,200
11219,43,large,400,200
11219,44,large,400,200
11219,46,large,400,200
11219,47,large,400,200
11219,49,large,400,200
11219,50,large,400,200
11219,54,large,400,200
11219,60,large,400,200
11219,61,large,400,200
11219,64,large,400,200
11219,65,large,400,200
11219,70,large,400,200
11219,72,large,400,200
11219,77,large,400,200
11219,80,large,400,200
11219,81,large,400,200
11219,83,large,400,200
11219,84,large,400,200
11219,85,large,400,200
11219,86,large,400,200
11219,87,large,400,200
11219,88,large,400,200
11219,90,large,400,200
11219,91,large,400,200
11219,93,large,400,200
11219,94,large,400,200
11219,96,large,400,200
11219,97,large,400,200
11220,1,large,400,200
11220,4,large,400,200
11220,6,large,400,200
11220,18,large,400,200
11220,22,large,400,200
11220,24,large,400,200
11220,25,large,400,200
11220,30,large,400,200
11220,33,large,400,200
11220,35,large,400,200
11220,36,large,400,200
11220,39,large,400,200
11220,41,large,400,200
11220,42,large,400,200
11220,43,large,400,200
11220,54,large,400,200
11220,55,large,400,200
11220,60,medium,200,100
11220,87,large,400,200
11221,0,large,400,200
11221,2,large,400,200
11221,22,large,400,200
11221,26,large,400,200
11221,36,large,400,200
11221,48,large,400,200
11221,56,large,400,200
11221,57,large,400,200
11221,59,large,400,200
11221,70,large,400,200
11221,89,large,400,200
11221,94,large,400,200
11221,95,large,400,200
11221,99,large,400,200
11222,1,large,400,200
11222,22,large,400,200
11222,25,large,400,200
11222,78,large,400,200
11222,80,large,400,200
11222,81,large,400,200
11222,97,large,400,200
11222,98,large,400,200
11223,2,large,400,200
11223,9,large,400,200
11223,14,large,400,200
11223,17,large,400,200
11223,18,large,400,200
11223,21,large,400,200
11223,33,large,400,200
11223,48,large,400,200
11223,50,large,400,200
11223,57,large,400,200
11223,61,large,400,200
11223,67,large,400,200
11223,76,large,400,200
11223,79,large,400,200
11223,83,large,400,200
11223,84,large,400,200
11223,87,large,400,200
11223,88,large,400,200
11223,89,large,400,200
11223,91,large,400,200
11223,93,large,400,200
11223,97,large,400,200
11224,0,large,400,200
11224,22,large,400,200
11224,47,large,400,200
11224,51,large,400,200
11224,54,large,400,200
11224,56,large,400,200
11224,60,large,400,200
11225,1,large,400,200
11225,3,large,400,200
11225,11,large,400,200
11225,24,large,400,200
11225,30,large,400,200
11225,53,large,400,200
11225,68,large,400,200
11225,74,large,400,200
11225,76,large,400,200
11225,98,large,400,200
11226,2,large,400,200
11226,9,large,400,200
11226,16,large,400,200
11226,26,large,400,200
11226,29,large,400,200
11226,31,large,400,200
11226,60,large,400,200
11226,61,large,400,200
11226,62,large,400,200
11226,64,large,400,200
11226,75,large,400,200
11226,76,large,400,200
11226,78,large,400,200
11226,79,large,400,200
11226,80,large,400,200
11226,81,large,400,200
11226,84,large,400,200
11226,88,large,400,200
11228,1,large,400,200
11228,2,large,400,200
11228,46,large,400,200
11228,75,large,400,200
11228,77,large,400,200
11228,79,large,400,200
11228,98,large,400,200
11229,0,large,400,200
11229,14,large,400,200
11229,19,large,400,200
11229,22,large,400,200
11229,23,large,400,200
11229,30,large,400,200
11229,43,large,400,200
11229,52,large,400,200
11229,53,large,400,200
11229,67,large,400,200
11229,68,large,400,200
11229,70,large,400,200
11229,78,large,400,200
11229,80,large,400,200
11229,95,large,400,200
11230,1,large,400,200
11230,3,large,400,200
11230,5,large,400,200
11230,11,small,100,50
11230,27,large,400,200
11230,32,large,400,200
11230,33,large,400,200
11230,34,large,400,200
11230,38,large,400,200
11230,39,large,400,200
11230,43,large,400,200
11230,48,large,400,200
11230,49,large,400,200
11230,51,large,400,200
11230,52,large,400,200
11230,54,large,400,200
11230,56,large,400,200
11230,66,large,400,200
11230,67,large,400,200
11230,71,large,400,200
11230,74,large,400,200
11230,82,large,400,200
11230,83,large,400,200
11230,85,large,400,200
11230,90,large,400,200
11230,92,large,400,200
11230,99,large,400,200
11231,0,large,400,200
11231,5,large,400,200
11231,12,large,400,200
11231,15,large,400,200
11231,23,large,400,200
11231,31,large,400,200
11231,33,large,400,200
11231,62,large,400,200
11231,79,large,400,200
11231,82,large,400,200
11232,28,large,400,200
11232,45,large,400,200
11232,59,large,400,200
11232,83,medium,200,100
11232,99,large,400,200
11233,1,large,400,200
11233,17,large,400,200
11233,18,large,400,200
11233,20,large,400,200
11233,28,large,400,200
11233,33,large,400,200
11233,39,large,400,200
11233,43,large,400,200
11233,45,large,400,200
11233,46,large,400,200
11233,60,large,400,200
11233,62,large,400,200
11233,63,large,400,200
11233,64,large,400,200
11233,66,large,400,200
11233,70,large,400,200
11233,71,large,400,200
11233,84,large,400,200
11234,2,large,400,200
11234,5,large,400,200
11234,9,large,400,200
11234,13,large,400,200
11234,15,large,400,200
11234,17,large,400,200
11234,18,large,400,200
11234,19,large,400,200
11234,21,large,400,200
11234,22,large,400,200
11234,28,large,400,200
11234,34,large,400,200
11234,72,large,400,200
11234,85,large,400,200
11234,88,large,400,200
11235,0,large,400,200
11235,11,large,400,200
11235,20,large,400,200
11235,28,large,400,200
11235,29,large,400,200
11235,32,large,400,200
11235,44,large,400,200
11235,49,large,400,200
11235,58,large,400,200
11235,62,large,400,200
11235,64,large,400,200
11235,84,large,400,200
11235,94,large,400,200
11235,98,large,400,200
11236,0,large,400,200
11236,4,large,400,200
11236,6,large,400,200
11236,7,large,400,200
11236,9,large,400,200
11236,12,large,400,200
11236,13,large,400,200
11236,14,large,400,200
11236,15,large,400,200
11236,22,large,400,200
11236,29,large,400,200
11236,38,large,400,200
11236,39,large,400,200
11236,40,large,400,200
11236,41,large,400,200
11236,49,large,400,200
11236,67,large,400,200
11236,83,large,400,200
11237,11,large,400,200
11237,29,large,400,200
11237,38,large,400,200
11237,90,large,400,200
11237,97,large,400,200
11237,99,large,400,200
11238,20,large,400,200
11238,23,large,400,200
11238,27,large,400,200
11238,36,large,400,200
11238,45,large,400,200
11238,52,large,400,200
11238,69,large,400,200
11238,78,large,400,200
11238,80,large,400,200
11238,81,large,400,200
11238,87,large,400,200
11238,91,large,400,200
11238,93,large,400,200
11238,95,large,400,200
11239,9,large,400,200
11239,20,small,100,50
11249,2,large,400,200
11249,4,large,400,200
11249,5,large,400,200
11249,7,large,400,200
11249,8,large,400,200
11249,9,large,400,200
11249,10,large,400,200
11249,11,large,400,200
11249,15,large,400,200
11249,47,large,400,200
11249,50,large,400,200
11249,59,large,400,200
11249,66,large,400,200
11249,68,large,400,200
11249,77,large,400,200
11249,92,large,400,200
11354,1,large,400,200
11354,2,large,400,200
11354,4,large,400,200
11354,6,large,400,200
11354,8,large,400,200
11354,9,large,400,200
11354,10,large,400,200
11354,98,large,400,200
11355,0,large,400,200
11355,3,large,400,200
11355,5,large,400,200
11355,6,large,400,200
11355,9,large,400,200
11355,11,large,400,200
11355,14,large,400,200
11355,16,large,400,200
11355,17,large,400,200
11355,71,large,400,200
11355,98,large,400,200
11356,3,large,400,200
11356,11,large,400,200
11356,24,large,400,200
11356,26,large,400,200
11356,29,large,400,200
11356,82,large,400,200
11356,95,medium,200,100
11357,10,large,400,200
11357,15,large,400,200
11357,23,large,400,200
11357,42,large,400,200
11357,53,large,400,200
11357,77,large,400,200
11357,94,large,400,200
11358,4,large,400,200
11358,5,large,400,200
11358,13,medium,200,100
11358,27,large,400,200
11358,28,large,400,200
11358,49,large,400,200
11358,50,large,400,200
11360,1,large,400,200
11360,50,large,400,200
11360,72,large,400,200
11361,0,large,400,200
11361,1,large,400,200
11361,2,large,400,200
11361,57,large,400,200
11361,95,large,400,200
11362,49,large,400,200
11362,50,large,400,200
11363,64,large,400,200
11364,0,large,400,200
11364,4,large,400,200
11364,36,large,400,200
11364,70,large,400,200
11364,73,large,400,200
11364,77,large,400,200
11365,1,large,400,200
11365,3,large,400,200
11365,47,large,400,200
11365,70,large,400,200
11365,74,large,400,200
11365,82,large,400,200
11365,85,large,400,200
11365,92,large,400,200
11365,97,large,400,200
11366,9,large,400,200
11366,33,large,400,200
11366,76,large,400,200
11367,5,large,400,200
11367,13,large,400,200
11367,24,large,400,200
11367,29,large,400,200
11367,37,large,400,200
11367,44,large,400,200
11367,59,large,400,200
11367,79,large,400,200
11367,85,large,400,200
11367,86,large,400,200
11367,92,large,400,200
11367,98,large,400,200
11368,0,large,400,200
11368,1,large,400,200
11368,3,large,400,200
11368,7,large,400,200
11368,9,large,400,200
11368,13,large,400,200
11368,18,large,400,200
11368,22,large,400,200
11368,23,large,400,200
11368,25,large,400,200
11368,29,large,400,200
11368,31,large,400,200
11368,32,large,400,200
11368,33,large,400,200
11368,36,large,400,200
11368,38,large,400,200
11368,49,large,400,200
11368,72,large,400,200
11368,76,large,400,200
11368,80,large,400,200
11368,83,large,400,200
11368,84,large,400,200
11368,91,large,400,200
11368,94,large,400,200
11368,99,large,400,200
11369,0,large,400,200
11369,15,large,400,200
11369,24,large,400,200
11369,56,large,400,200
11369,88,small,100,50
11370,1,large,400,200
11370,62,large,400,200
11370,85,large,400,200
11370,86,large,400,200
11370,97,small,100,50
11372,1,large,400,200
11372,2,large,400,200
11372,8,large,400,200
11372,23,large,400,200
11372,35,large,400,200
11372,38,large,400,200
11372,51,large,400,200
11372,66,large,400,200
11372,80,large,400,200
11372,84,large,400,200
11372,93,large,400,200
11372,97,large,400,200
11373,3,large,400,200
11373,4,large,400,200
11373,8,large,400,200
11373,9,large,400,200
11373,15,large,400,200
11373,16,large,400,200
11373,17,large,400,200
11373,20,large,400,200
11373,21,large,400,200
11373,26,large,400,200
11373,58,large,400,200
11373,76,large,400,200
11373,82,large,400,200
11373,84,large,400,200
11373,86,large,400,200
11373,88,large,400,200
11373,96,large,400,200
11374,2,large,400,200
11374,4,large,400,200
11374,6,large,400,200
11374,8,large,400,200
11374,37,large,400,200
11374,64,large,400,200
11374,65,large,400,200
11374,77,large,400,200
11375,3,large,400,200
11375,20,large,400,200
11375,31,large,400,200
11375,32,large,400,200
11375,33,large,400,200
11375,34,large,400,200
11375,51,large,400,200
11375,77,large,400,200
11375,86,large,400,200
11375,87,large,400,200
11375,88,large,400,200
11375,89,large,400,200
11375,93,large,400,200
11375,99,large,400,200
11377,3,large,400,200
11377,4,large,400,200
11377,9,large,400,200
11377,15,large,400,200
11377,16,large,400,200
11377,20,large,400,200
11377,35,large,400,200
11377,42,large,400,200
11377,45,large,400,200
11377,46,large,400,200
11377,57,large,400,200
11377,61,large,400,200
11377,67,large,400,200
11377,82,large,400,200
11377,85,large,400,200
11377,98,large,400,200
11378,2,large,400,200
11378,3,large,400,200
11378,4,large,400,200
11378,23,large,400,200
11378,24,large,400,200
11378,25,large,400,200
11378,47,large,400,200
11378,48,large,400,200
11379,1,large,400,200
11379,2,large,400,200
11379,19,large,400,200
11379,58,large,400,200
11379,93,large,400,200
11385,0,large,400,200
11385,1,large,400,200
11385,2,large,400,200
11385,4,large,400,200
11385,5,large,400,200
11385,6,large,400,200
11385,7,large,400,200
11385,9,large,400,200
11385,12,large,400,200
11385,14,large,400,200
11385,15,large,400,200
11385,26,large,400,200
11385,40,large,400,200
11385,62,large,400,200
11385,63,large,400,200
11385,64,large,400,200
11385,79,large,400,200
11385,83,large,400,200
11385,99,large,400,200
11411,10,large,400,200
11411,60,large,400,200
11411,73,large,400,200
11412,0,large,400,200
11412,2,large,400,200
11412,3,large,400,200
11412,17,large,400,200
11412,24,large,400,200
11412,28,large,400,200
11412,48,large,400,200
11413,0,large,400,200
11413,10,large,400,200
11413,39,large,400,200
11413,60,large,400,200
11413,73,large,400,200
11413,85,large,400,200
11414,2,large,400,200
11414,4,large,400,200
11414,24,large,400,200
11414,25,large,400,200
11414,48,large,400,200
11414,50,large,400,200
11414,99,large,400,200
11415,0,large,400,200
11415,23,large,400,200
11415,50,large,400,200
11415,99,large,400,200
11416,4,large,400,200
11416,5,large,400,200
11416,17,large,400,200
11416,56,large,400,200
11416,57,large,400,200
11416,97,large,400,200
11417,0,large,400,200
11417,1,large,400,200
11417,9,large,400,200
11417,23,large,400,200
11417,50,large,400,200
11417,73,large,400,200
11417,85,large,400,200
11418,3,large,400,200
11418,4,large,400,200
11418,7,large,400,200
11418,8,large,400,200
11418,37,large,400,200
11418,83,large,400,200
11418,89,large,400,200
11419,1,large,400,200
11419,26,large,400,200
11419,27,large,400,200
11419,72,small,100,50
11419,75,large,400,200
11419,80,large,400,200
11419,93,large,400,200
11420,0,large,400,200
11420,1,large,400,200
11420,36,large,400,200
11420,58,large,400,200
11420,72,large,400,200
11420,78,large,400,200
11420,94,large,400,200
11420,96,large,400,200
11421,0,large,400,200
11421,8,large,400,200
11421,45,large,400,200
11421,48,large,400,200
11421,49,large,400,200
11421,58,large,400,200
11421,76,large,400,200
11421,87,large,400,200
11422,13,large,400,200
11422,41,large,400,200
11422,63,large,400,200
11422,97,large,400,200
11423,1,large,400,200
11423,57,large,400,200
11423,62,large,400,200
11423,67,small,100,50
11423,69,large,400,200
11426,24,large,400,200
11426,59,large,400,200
11426,69,large,400,200
11426,76,large,400,200
11427,1,large,400,200
11427,24,large,400,200
11427,46,large,400,200
11427,48,large,400,200
11427,85,large,400,200
11427,97,large,400,200
11428,51,large,400,200
11428,52,large,400,200
11428,72,large,400,200
11429,15,large,400,200
11429,40,large,400,200
11429,48,large,400,200
11429,54,large,400,200
11432,1,large,400,200
11432,19,large,400,200
11432,34,large,400,200
11432,38,large,400,200
11432,43,large,400,200
11432,44,large,400,200
11432,61,large,400,200
11432,68,large,400,200
11432,73,large,400,200
11432,80,large,400,200
11432,93,large,400,200
11432,95,large,400,200
11432,96,large,400,200
11433,0,large,400,200
11433,21,large,400,200
11433,39,large,400,200
11433,52,large,400,200
11433,71,large,400,200
11433,77,large,400,200
11433,87,large,400,200
11433,90,large,400,200
11433,98,large,400,200
11434,1,large,400,200
11434,5,large,400,200
11434,13,large,400,200
11434,19,large,400,200
11434,21,large,400,200
11434,22,large,400,200
11434,36,large,400,200
11434,46,large,400,200
11434,48,large,400,200
11434,73,large,400,200
11434,78,large,400,200
11434,79,large,400,200
11434,92,large,400,200
11435,2,large,400,200
11435,3,large,400,200
11435,7,large,400,200
11435,9,large,400,200
11435,11,large,400,200
11435,12,large,400,200
11435,17,large,400,200
11435,18,large,400,200
11435,48,large,400,200
11435,67,large,400,200
11435,70,large,400,200
11435,74,large,400,200
11435,76,large,400,200
11435,83,large,400,200
11435,85,large,400,200
11435,86,large,400,200
11436,4,large,400,200
11436,28,large,400,200
11436,99,large,400,200
11507,12,large,400,200
11510,1,small,100,50
11510,68,large,400,200
11510,70,large,400,200
11510,91,large,400,200
11514,69,small,100,50
11516,15,large,400,200
11518,24,small,100,50
11520,46,large,400,200
11520,69,large,400,200
11520,92,large,400,200
11520,97,large,400,200
11530,1,large,400,200
11530,27,large,400,200
11530,28,large,400,200
11542,0,large,400,200
11550,0,large,400,200
11550,6,large,400,200
11550,18,large,400,200
11550,34,large,400,200
11550,38,large,400,200
11550,40,large,400,200
11550,54,large,400,200
11550,58,large,400,200
11550,63,large,400,200
11550,71,large,400,200
11550,79,large,400,200
11552,0,large,400,200
11552,10,medium,200,100
11552,82,large,400,200
11552,89,large,400,200
11553,4,large,400,200
11553,61,large,400,200
11553,75,large,400,200
11553,86,large,400,200
11553,96,large,400,200
11553,98,large,400,200
11554,15,large,400,200
11554,47,large,400,200
11554,56,large,400,200
11554,82,large,400,200
11554,86,large,400,200
11557,3,medium,200,100
11558,1,large,400,200
11558,47,small,100,50
11560,1,large,400,200
11561,2,large,400,200
11561,3,large,400,200
11561,42,medium,200,100
11561,53,large,400,200
11563,0,medium,200,100
11565,22,large,400,200
11566,28,large,400,200
11566,52,large,400,200
11570,66,large,400,200
11570,99,large,400,200
11572,0,medium,200,100
11575,27,large,400,200
11575,42,large,400,200
11575,67,large,400,200
11575,70,large,400,200
11579,0,large,400,200
11580,2,large,400,200
11580,45,large,400,200
11580,98,large,400,200
11581,0,large,400,200
11581,38,large,400,200
11581,78,large,400,200
11581,99,small,100,50
11590,0,large,400,200
11590,3,large,400,200
11590,28,large,400,200
11590,43,large,400,200
11590,47,small,100,50
11590,62,large,400,200
11590,70,large,400,200
11590,72,large,400,200
11596,0,large,400,200
11598,6,large,400,200
11598,76,large,400,200
11691,2,large,400,200
11691,4,large,400,200
11691,9,large,400,200
11691,10,large,400,200
11691,12,large,400,200
11691,24,large,400,200
11691,25,large,400,200
11691,28,large,400,200
11691,33,large,400,200
11691,46,large,400,200
11691,51,large,400,200
11691,54,large,400,200
11691,61,large,400,200
11691,63,large,400,200
11691,64,large,400,200
11691,66,large,400,200
11691,70,large,400,200
11691,71,large,400,200
11691,94,large,400,200
11692,1,large,400,200
11692,46,large,400,200
11692,59,large,400,200
11692,64,large,400,200
11692,66,large,400,200
11692,90,medium,200,100
11693,23,large,400,200
11693,46,large,400,200
11694,2,large,400,200
11694,23,large,400,200
11694,24,large,400,200
11694,47,large,400,200
11701,1,large,400,200
11701,28,large,400,200
11701,87,large,400,200
11702,81,large,400,200
11702,84,large,400,200
11703,2,large,400,200
11703,82,large,400,200
11704,0,large,400,200
11704,14,large,400,200
11704,82,large,400,200
11704,87,large,400,200
11704,90,large,400,200
11705,97,large,400,200
11706,0,large,400,200
11706,57,large,400,200
11706,70,large,400,200
11706,82,large,400,200
11706,83,large,400,200
11706,84,large,400,200
11706,87,large,400,200
11706,90,large,400,200
11709,8,small,100,50
11709,99,medium,200,100
11710,53,large,400,200
11710,76,medium,200,100
11710,99,large,400,200
11713,0,large,400,200
11713,43,small,100,50
11714,50,large,400,200
11714,89,large,400,200
11715,87,medium,200,100
11715,99,small,100,50
11716,1,medium,200,100
11717,31,large,400,200
11717,33,large,400,200
11717,44,large,400,200
11717,57,large,400,200
11717,58,large,400,200
11717,64,large,400,200
11717,70,large,400,200
11717,84,large,400,200
11717,89,large,400,200
11717,98,large,400,200
11719,62,small,100,50
11720,1,large,400,200
11720,2,medium,200,100
11720,23,large,400,200
11720,24,large,400,200
11720,96,large,400,200
11721,2,small,100,50
11722,1,large,400,200
11722,9,large,400,200
11722,29,large,400,200
11722,78,large,400,200
11722,82,large,400,200
11722,91,large,400,200
11722,96,large,400,200
11722,98,large,400,200
11724,0,medium,200,100
11726,2,large,400,200
11726,4,large,400,200
11726,49,large,400,200
11726,51,large,400,200
11726,92,large,400,200
11727,0,large,400,200
11727,2,large,400,200
11727,3,large,400,200
11727,87,large,400,200
11729,75,large,400,200
11729,78,small,100,50
11729,91,large,400,200
11729,99,large,400,200
11730,40,large,400,200
11730,99,large,400,200
11731,1,large,400,200
11731,2,large,400,200
11731,24,large,400,200
11731,47,large,400,200
11733,92,small,100,50
11735,18,large,400,200
11735,31,medium,200,100
11738,1,large,400,200
11738,13,small,100,50
11738,23,large,400,200
11738,51,large,400,200
11740,0,large,400,200
11741,61,large,400,200
11741,73,large,400,200
11741,94,large,400,200
11741,98,large,400,200
11742,1,large,400,200
11742,5,medium,200,100
11746,0,large,400,200
11746,1,large,400,200
11746,60,large,400,200
11746,90,large,400,200
11751,81,large,400,200
11751,82,large,400,200
11753,44,large,400,200
11753,78,medium,200,100
11754,2,medium,200,100
11754,22,large,400,200
11755,10,large,400,200
11755,21,medium,200,100
11756,36,large,400,200
11756,38,large,400,200
11756,80,large,400,200
11757,6,large,400,200
11757,71,large,400,200
11757,83,large,400,200
11757,92,large,400,200
11757,98,large,400,200
11758,0,large,400,200
11758,4,large,400,200
11758,40,large,400,200
11758,47,large,400,200
11758,54,large,400,200
11762,1,large,400,200
11762,2,large,400,200
11762,50,large,400,200
11762,58,small,100,50
11762,74,large,400,200
11763,80,large,400,200
11763,99,small,100,50
11765,81,small,100,50
11766,97,large,400,200
11767,0,large,400,200
11767,70,medium,200,100
11769,67,small,100,50
11769,80,small,100,50
11771,0,large,400,200
11771,50,large,400,200
11771,80,medium,200,100
11772,8,large,400,200
11772,11,large,400,200
11772,77,medium,200,100
11772,84,large,400,200
11772,98,large,400,200
11776,0,large,400,200
11776,1,large,400,200
11776,20,large,400,200
11776,23,medium,200,100
11777,6,medium,200,100
11778,0,large,400,200
11778,22,large,400,200
11778,49,small,100,50
11780,0,large,400,200
11780,77,medium,200,100
11782,50,large,400,200
11782,74,large,400,200
11783,70,large,400,200
11784,2,large,400,200
11784,3,large,400,200
11784,24,large,400,200
11784,25,large,400,200
11784,70,large,400,200
11786,65,medium,200,100
11788,69,medium,200,100
11790,23,large,400,200
11792,57,medium,200,100
11793,0,large,400,200
11793,1,large,400,200
11793,76,small,100,50
11795,81,large,400,200
11795,90,large,400,200
11796,38,large,400,200
11798,1,large,400,200
11798,10,large,400,200
11798,51,large,400,200
11801,81,large,400,200
11901,19,large,400,200
11901,52,large,400,200
11901,76,large,400,200
11901,82,large,400,200
11901,93,large,400,200
11932,53,small,100,50
11933,5,large,400,200
11934,1,large,400,200
11935,28,small,100,50
11937,1,large,400,200
11937,5,medium,200,100
11937,54,large,400,200
11937,99,large,400,200
11940,1,large,400,200
11941,44,medium,200,100
11946,22,large,400,200
11946,44,large,400,200
11946,45,large,400,200
11949,22,large,400,200
11949,72,small,100,50
11950,64,large,400,200
11950,73,large,400,200
11950,97,medium,200,100
11950,99,large,400,200
11951,1,large,400,200
11951,2,large,400,200
11951,23,large,400,200
11951,39,medium,200,100
11954,34,small,100,50
11954,99,medium,200,100
11955,43,small,100,50
11959,55,small,100,50
11961,52,medium,200,100
11961,84,large,400,200
11963,30,large,400,200
11967,4,large,400,200
11967,8,large,400,200
11967,44,large,400,200
11967,92,medium,200,100
11968,11,large,400,200
11971,99,medium,200,100
11977,31,small,100,50
12009,0,large,400,200
12009,65,medium,200,100
12010,32,large,400,200
12010,48,large,400,200
12010,99,large,400,200
12018,22,large,400,200
12018,45,large,400,200
12019,21,large,400,200
12019,39,large,400,200
12020,99,medium,200,100
12022,37,small,100,50
12027,17,small,100,50
12028,1,small,100,50
12037,28,large,400,200
12045,94,small,100,50
12047,1,large,400,200
12047,73,large,400,200
12051,33,large,400,200
12053,33,small,100,50
12054,50,large,400,200
12057,57,medium,200,100
12061,1,medium,200,100
12061,23,large,400,200
12067,89,small,100,50
12068,31,small,100,50
12074,20,large,400,200
12077,40,large,400,200
12077,83,small,100,50
12078,33,large,400,200
12078,50,large,400,200
12078,82,large,400,200
12083,12,medium,200,100
12084,54,large,400,200
12090,6,small,100,50
12090,53,large,400,200
12093,11,small,100,50
12095,52,large,400,200
12116,99,small,100,50
12117,95,medium,200,100
12118,2,large,400,200
12118,55,medium,200,100
12118,97,large,400,200
12120,97,small,100,50
12122,7,small,100,50
12123,77,large,400,200
12124,98,small,100,50
12134,44,medium,200,100
12134,94,small,100,50
12136,93,small,100,50
12137,73,medium,200,100
12138,14,medium,200,100
12140,9,small,100,50
12140,99,small,100,50
12143,11,small,100,50
12143,48,small,100,50
12144,73,large,400,200
12144,85,large,400,200
12144,90,medium,200,100
12148,1,medium,200,100
12148,3,small,100,50
12149,59,small,100,50
12149,67,small,100,50
12151,96,small,100,50
12154,0,medium,200,100
12155,67,small,100,50
12158,55,medium,200,100
12158,90,small,100,50
12159,67,medium,200,100
12160,54,small,100,50
12167,19,medium,200,100
12170,12,large,400,200
12180,4,large,400,200
12180,49,large,400,200
12182,28,medium,200,100
12182,99,large,400,200
12183,24,large,400,200
12184,25,large,400,200
12186,97,medium,200,100
12187,68,small,100,50
12188,61,small,100,50
12188,84,large,400,200
12189,52,large,400,200
12189,75,large,400,200
12190,1,small,100,50
12196,2,medium,200,100
12197,98,small,100,50
12198,20,medium,200,100
12202,51,large,400,200
12202,60,small,100,50
12202,99,large,400,200
12204,82,large,400,200
12204,83,large,400,200
12204,84,large,400,200
12205,11,large,400,200
12205,31,small,100,50
12209,32,large,400,200
12209,36,medium,200,100
12211,0,large,400,200
12211,46,large,400,200
12302,0,large,400,200
12302,37,large,400,200
12302,58,medium,200,100
12303,5,large,400,200
12303,37,large,400,200
12304,3,large,400,200
12304,4,large,400,200
12306,47,small,100,50
12306,58,large,400,200
12306,59,large,400,200
12306,68,large,400,200
12306,99,large,400,200
12307,36,large,400,200
12307,71,large,400,200
12308,76,large,400,200
12308,99,large,400,200
12309,6,large,400,200
12309,18,large,400,200
12309,22,large,400,200
12309,31,large,400,200
12309,37,small,100,50
12309,69,large,400,200
12401,42,large,400,200
12401,45,small,100,50
12401,51,large,400,200
12401,58,large,400,200
12401,70,large,400,200
12404,3,large,400,200
12405,61,small,100,50
12413,44,small,100,50
12414,90,large,400,200
12414,94,large,400,200
12419,0,medium,200,100
12428,46,small,100,50
12428,73,medium,200,100
12431,22,medium,200,100
12434,0,medium,200,100
12446,2,large,400,200
12451,0,small,100,50
12455,99,small,100,50
12457,29,small,100,50
12457,97,small,100,50
12461,98,small,100,50
12463,22,small,100,50
12466,36,medium,200,100
12477,43,medium,200,100
12484,42,small,100,50
12485,90,small,100,50
12498,60,small,100,50
12508,43,small,100,50
12518,23,large,400,200
12521,98,small,100,50
12522,63,medium,200,100
12524,68,small,100,50
12524,69,large,400,200
12526,91,medium,200,100
12528,52,large,400,200
12531,14,small,100,50
12533,46,medium,200,100
12533,97,large,400,200
12533,99,large,400,200
12534,22,large,400,200
12540,50,large,400,200
12540,60,small,100,50
12542,80,small,100,50
12542,99,small,100,50
12545,63,small,100,50
12546,66,small,100,50
12547,63,small,100,50
12549,98,small,100,50
12550,4,large,400,200
12550,7,large,400,200
12550,23,large,400,200
12550,58,large,400,200
12550,74,large,400,200
12550,83,small,100,50
12553,0,large,400,200
12561,65,large,400,200
12564,73,medium,200,100
12564,99,small,100,50
12565,95,medium,200,100
12566,22,large,400,200
12566,45,large,400,200
12569,50,large,400,200
12569,56,medium,200,100
12570,22,large,400,200
12570,45,large,400,200
12571,3,small,100,50
12571,99,medium,200,100
12572,43,small,100,50
12575,38,small,100,50
12577,2,small,100,50
12578,64,small,100,50
12580,10,large,400,200
12581,57,medium,200,100
12582,13,small,100,50
12582,99,medium,200,100
12583,30,small,100,50
12585,21,small,100,50
12586,0,large,400,200
12586,1,medium,200,100
12586,45,large,400,200
12589,60,small,100,50
12589,72,large,400,200
12589,98,large,400,200
12589,99,large,400,200
12590,77,large,400,200
12590,99,medium,200,100
12601,0,large,400,200
12601,4,large,400,200
12601,10,large,400,200
12601,61,large,400,200
12603,1,large,400,200
12603,24,large,400,200
12603,29,large,400,200
12603,67,large,400,200
12701,20,large,400,200
12719,99,small,100,50
12720,39,small,100,50
12721,1,medium,200,100
12721,23,large,400,200
12721,45,large,400,200
12723,57,small,100,50
12725,25,small,100,50
12726,14,medium,200,100
12729,28,large,400,200
12732,40,small,100,50
12737,22,small,100,50
12738,59,small,100,50
12740,0,small,100,50
12747,0,medium,200,100
12748,0,small,100,50
12754,0,large,400,200
12754,72,large,400,200
12758,96,small,100,50
12764,73,small,100,50
12771,88,large,400,200
12771,99,small,100,50
12775,1,medium,200,100
12789,88,medium,200,100
12790,40,large,400,200
12791,36,small,100,50
12801,9,large,400,200
12801,20,large,400,200
12803,49,large,400,200
12803,59,large,400,200
12804,98,large,400,200
12804,99,medium,200,100
12809,24,large,400,200
12814,97,small,100,50
12816,90,small,100,50
12817,10,small,100,50
12821,97,small,100,50
12822,49,large,400,200
12822,65,medium,200,100
12828,8,large,400,200
12831,0,large,400,200
12831,20,medium,200,100
12831,31,large,400,200
12831,46,large,400,200
12832,5,large,400,200
12833,76,large,400,200
12834,8,large,400,200
12839,93,medium,200,100
12839,99,large,400,200
12842,98,small,100,50
12845,83,large,400,200
12846,99,small,100,50
12865,7,large,400,200
12866,1,large,400,200
12866,77,large,400,200
12870,43,small,100,50
12871,71,medium,200,100
12871,99,small,100,50
12883,70,large,400,200
12885,2,medium,200,100
12887,25,large,400,200
12901,20,large,400,200
12901,58,large,400,200
12901,97,large,400,200
12912,99,small,100,50
12914,98,small,100,50
12916,37,small,100,50
12916,69,small,100,50
12918,96,medium,200,100
12919,70,medium,200,100
12920,57,medium,200,100
12921,19,large,400,200
12923,97,small,100,50
12926,5,large,400,200
12929,99,small,100,50
12934,94,medium,200,100
12935,97,small,100,50
12936,97,small,100,50
12937,50,medium,200,100
12941,99,small,100,50
12944,65,small,100,50
12946,1,small,100,50
12950,98,small,100,50
12953,1,medium,200,100
12953,2,large,400,200
12956,99,small,100,50
12958,99,small,100,50
12959,97,small,100,50
12960,48,small,100,50
12960,99,small,100,50
12962,75,large,400,200
12972,49,large,400,200
12972,64,medium,200,100
12974,47,medium,200,100
12981,99,small,100,50
12983,42,large,400,200
12986,1,small,100,50
12992,39,large,400,200
12996,39,small,100,50
13020,39,small,100,50
13021,32,large,400,200
13021,40,large,400,200
13021,60,large,400,200
13027,13,large,400,200
13027,72,large,400,200
13027,75,large,400,200
13027,94,large,400,200
13027,95,large,400,200
13029,26,large,400,200
13029,45,large,400,200
13030,7,large,400,200
13031,0,large,400,200
13031,7,large,400,200
13032,39,small,100,50
13032,51,large,400,200
13033,49,medium,200,100
13035,67,small,100,50
13036,53,large,400,200
13036,62,medium,200,100
13037,51,medium,200,100
13037,58,large,400,200
13039,9,large,400,200
13039,95,small,100,50
13041,58,large,400,200
13044,29,large,400,200
13045,95,large,400,200
13045,99,small,100,50
13052,0,medium,200,100
13053,97,small,100,50
13054,6,small,100,50
13060,7,large,400,200
13063,82,small,100,50
13066,1,large,400,200
13066,74,large,400,200
13068,36,medium,200,100
13069,11,large,400,200
13069,29,large,400,200
13069,61,large,400,200
13069,79,large,400,200
13071,9,small,100,50
13073,3,medium,200,100
13073,61,large,400,200
13074,20,large,400,200
13076,99,medium,200,100
13077,34,large,400,200
13078,0,large,400,200
13078,22,large,400,200
13080,5,large,400,200
13084,65,medium,200,100
13088,39,large,400,200
13090,55,small,100,50
13090,90,large,400,200
13090,98,large,400,200
13090,99,large,400,200
13092,84,large,400,200
13101,65,medium,200,100
13104,39,large,400,200
13108,6,small,100,50
13112,5,medium,200,100
13114,47,large,400,200
13116,90,small,100,50
13118,25,medium,200,100
13120,39,medium,200,100
13126,1,large,400,200
13126,3,large,400,200
13126,65,large,400,200
13126,92,large,400,200
13131,84,large,400,200
13132,99,medium,200,100
13135,97,large,400,200
13142,8,large,400,200
13143,25,small,100,50
13145,3,medium,200,100
13146,40,medium,200,100
13148,2,large,400,200
13148,92,small,100,50
13152,26,large,400,200
13153,32,small,100,50
13155,98,small,100,50
13159,9,large,400,200
13160,95,small,100,50
13160,99,small,100,50
13164,81,large,400,200
13165,1,medium,200,100
13165,49,large,400,200
13166,90,large,400,200
13167,36,small,100,50
13167,99,small,100,50
13202,0,large,400,200
13203,25,large,400,200
13203,26,small,100,50
13204,11,large,400,200
13204,38,large,400,200
13204,97,large,400,200
13205,2,large,400,200
13205,19,medium,200,100
13205,96,large,400,200
13205,99,large,400,200
13206,0,large,400,200
13206,49,large,400,200
13206,55,small,100,50
13206,73,large,400,200
13207,0,large,400,200
13207,57,large,400,200
13207,99,large,400,200
13208,9,large,400,200
13208,21,large,400,200
13208,40,large,400,200
13208,51,large,400,200
13208,77,large,400,200
13209,93,large,400,200
13209,95,large,400,200
13209,96,large,400,200
13210,21,large,400,200
13210,40,small,100,50
13210,71,large,400,200
13211,61,large,400,200
13212,49,large,400,200
13212,73,large,400,200
13214,1,small,100,50
13215,84,large,400,200
13219,51,large,400,200
13219,95,large,400,200
13303,35,small,100,50
13304,72,medium,200,100
13309,96,large,400,200
13315,69,small,100,50
13316,63,large,400,200
13317,61,small,100,50
13317,84,large,400,200
13318,65,small,100,50
13321,0,small,100,50
13323,20,medium,200,100
13327,84,large,400,200
13329,5,medium,200,100
13329,99,small,100,50
13332,52,medium,200,100
13332,84,large,400,200
13338,14,small,100,50
13339,53,large,400,200
13339,65,large,400,200
13340,49,large,400,200
13340,54,small,100,50
13343,64,small,100,50
13346,31,small,100,50
13348,9,small,100,50
13350,97,large,400,200
13355,48,medium,200,100
13357,21,large,400,200
13357,22,large,400,200
13365,74,large,400,200
13365,99,large,400,200
13367,97,large,400,200
13368,9,small,100,50
13402,90,small,100,50
13403,52,medium,200,100
13403,84,large,400,200
13407,37,large,400,200
13408,54,small,100,50
13409,86,small,100,50
13411,62,medium,200,100
13413,78,large,400,200
13416,96,medium,200,100
13417,83,small,100,50
13417,99,small,100,50
13421,89,large,400,200
13421,96,medium,200,100
13431,19,medium,200,100
13435,98,small,100,50
13439,93,large,400,200
13440,3,large,400,200
13440,6,small,100,50
13440,8,large,400,200
13440,10,large,400,200
13440,34,large,400,200
13440,56,large,400,200
13440,99,large,400,200
13452,88,large,400,200
13456,84,large,400,200
13459,13,medium,200,100
13460,82,large,400,200
13461,17,large,400,200
13469,29,small,100,50
13473,32,small,100,50
13478,61,medium,200,100
13480,89,medium,200,100
13491,83,large,400,200
13492,27,large,400,200
13495,81,medium,200,100
13501,1,large,400,200
13501,2,large,400,200
13501,4,large,400,200
13501,40,large,400,200
13501,60,medium,200,100
13501,88,large,400,200
13502,4,large,400,200
13502,5,large,400,200
13502,12,large,400,200
13502,46,small,100,50
13502,53,large,400,200
13502,83,large,400,200
13502,98,large,400,200
13601,0,large,400,200
13601,3,large,400,200
13601,5,large,400,200
13601,15,large,400,200
13601,94,large,400,200
13605,67,large,400,200
13606,13,small,100,50
13608,98,medium,200,100
13611,46,small,100,50
13612,43,small,100,50
13612,99,small,100,50
13613,54,small,100,50
13616,52,small,100,50
13617,11,large,400,200
13619,5,medium,200,100
13619,20,large,400,200
13620,78,medium,200,100
13622,18,medium,200,100
13624,96,small,100,50
13624,99,medium,200,100
13626,18,medium,200,100
13634,57,medium,200,100
13637,23,large,400,200
13637,46,medium,200,100
13642,84,large,400,200
13642,89,large,400,200
13646,10,medium,200,100
13648,12,small,100,50
13652,0,medium,200,100
13654,53,medium,200,100
13655,2,medium,200,100
13656,79,large,400,200
13658,96,small,100,50
13658,99,small,100,50
13660,71,medium,200,100
13662,0,large,400,200
13662,3,small,100,50
13662,20,large,400,200
13668,19,medium,200,100
13669,8,large,400,200
13669,17,large,400,200
13669,49,large,400,200
13673,87,large,400,200
13676,16,small,100,50
13676,23,large,400,200
13685,3,small,100,50
13691,71,large,400,200
13694,49,medium,200,100
13730,20,medium,200,100
13732,61,small,100,50
13732,84,large,400,200
13733,8,small,100,50
13733,68,medium,200,100
13739,10,small,100,50
13743,32,small,100,50
13746,0,small,100,50
13750,44,small,100,50
13751,80,small,100,50
13753,14,small,100,50
13754,52,small,100,50
13757,11,small,100,50
13760,0,large,400,200
13760,3,large,400,200
13760,19,large,400,200
13760,48,large,400,200
13778,61,small,100,50
13778,84,large,400,200
13782,39,small,100,50
13784,97,small,100,50
13787,94,medium,200,100
13790,73,large,400,200
13790,80,large,400,200
13795,84,small,100,50
13795,85,small,100,50
13796,61,small,100,50
13802,70,small,100,50
13803,6,small,100,50
13803,54,large,400,200
13807,52,small,100,50
13808,98,small,100,50
13810,3,small,100,50
13811,87,large,400,200
13812,94,small,100,50
13815,26,large,400,200
13815,89,large,400,200
13820,16,small,100,50
13825,97,medium,200,100
13827,66,large,400,200
13830,96,large,400,200
13839,0,medium,200,100
13849,85,small,100,50
13849,92,medium,200,100
13850,99,medium,200,100
13856,43,large,400,200
13862,43,small,100,50
13863,86,small,100,50
13864,64,medium,200,100
13865,17,medium,200,100
13865,81,large,400,200
13901,17,large,400,200
13901,61,large,400,200
13901,93,large,400,200
13903,49,large,400,200
13903,50,large,400,200
13904,22,large,400,200
13904,45,large,400,200
13905,2,medium,200,100
13905,19,large,400,200
13905,63,large,400,200
14001,82,large,400,200
14004,82,large,400,200
14004,84,large,400,200
14005,50,medium,200,100
14006,61,small,100,50
14006,84,large,400,200
14009,81,large,400,200
14011,28,small,100,50
14011,72,large,400,200
14012,31,large,400,200
14020,0,large,400,200
14020,1,large,400,200
14024,22,medium,200,100
14025,4,small,100,50
14031,23,large,400,200
14032,0,large,400,200
14032,35,medium,200,100
14036,74,large,400,200
14040,98,small,100,50
14042,89,large,400,200
14043,76,medium,200,100
14047,96,small,100,50
14048,61,large,400,200
14051,16,small,100,50
14051,23,large,400,200
14051,75,large,400,200
14052,71,large,400,200
14057,31,large,400,200
14058,28,large,400,200
14059,0,large,400,200
14059,27,medium,200,100
14063,84,small,100,50
14066,44,small,100,50
14067,74,medium,200,100
14070,35,medium,200,100
14070,48,large,400,200
14072,24,large,400,200
14075,0,large,400,200
14075,12,large,400,200
14075,16,large,400,200
14080,52,medium,200,100
14082,35,small,100,50
14085,64,large,400,200
14086,3,large,400,200
14086,46,large,400,200
14086,99,large,400,200
14091,23,medium,200,100
14092,95,small,100,50
14094,1,large,400,200
14094,2,large,400,200
14094,32,large,400,200
14094,64,large,400,200
14094,71,large,400,200
14103,2,large,400,200
14103,79,medium,200,100
14105,61,small,100,50
14105,84,large,400,200
14108,23,large,400,200
14108,45,medium,200,100
14111,49,medium,200,100
14120,0,large,400,200
14120,3,large,400,200
14120,5,large,400,200
14120,31,large,400,200
14120,59,large,400,200
14127,95,large,400,200
14132,45,large,400,200
14136,7,large,400,200
14138,1,small,100,50
14145,19,small,100,50
14145,24,small,100,50
14171,41,small,100,50
14172,50,medium,200,100
14174,1,small,100,50
14201,23,large,400,200
14204,50,large,400,200
14206,51,large,400,200
14206,74,large,400,200
14206,76,large,400,200
14207,0,large,400,200
14207,8,large,400,200
14207,51,large,400,200
14207,56,large,400,200
14207,57,large,400,200
14208,39,medium,200,100
14208,45,large,400,200
14210,94,large,400,200
14211,12,medium,200,100
14211,13,large,400,200
14211,15,large,400,200
14211,49,large,400,200
14211,53,large,400,200
14211,98,large,400,200
14212,81,large,400,200
14212,83,large,400,200
14212,84,large,400,200
14213,1,large,400,200
14213,24,large,400,200
14213,34,large,400,200
14213,58,large,400,200
14213,74,large,400,200
14213,87,large,400,200
14214,18,small,100,50
14214,82,large,400,200
14214,89,large,400,200
14215,0,large,400,200
14215,19,large,400,200
14215,20,large,400,200
14215,37,large,400,200
14215,42,large,400,200
14215,49,large,400,200
14215,56,large,400,200
14215,74,large,400,200
14216,3,large,400,200
14216,26,large,400,200
14216,46,large,400,200
14216,47,large,400,200
14216,89,small,100,50
14217,0,large,400,200
14217,65,medium,200,100
14218,1,large,400,200
14218,52,large,400,200
14218,73,large,400,200
14219,47,large,400,200
14220,0,large,400,200
14220,8,small,100,50
14220,50,large,400,200
14220,51,large,400,200
14221,45,large,400,200
14221,60,large,400,200
14221,71,large,400,200
14221,93,large,400,200
14222,1,large,400,200
14222,49,large,400,200
14223,1,large,400,200
14223,44,medium,200,100
14223,76,large,400,200
14224,9,large,400,200
14224,86,large,400,200
14224,92,large,400,200
14225,1,large,400,200
14225,2,large,400,200
14225,51,large,400,200
14225,52,large,400,200
14226,15,large,400,200
14226,86,large,400,200
14227,49,large,400,200
14227,95,large,400,200
14228,99,large,400,200
14301,47,large,400,200
14301,88,small,100,50
14303,69,medium,200,100
14303,99,large,400,200
14304,78,large,400,200
14304,91,medium,200,100
14304,93,large,400,200
14305,34,large,400,200
14305,43,medium,200,100
14305,62,large,400,200
14411,7,small,100,50
14411,54,large,400,200
14416,57,small,100,50
14416,86,medium,200,100
14420,99,large,400,200
14423,82,large,400,200
14424,96,large,400,200
14425,0,small,100,50
14425,9,large,400,200
14425,22,large,400,200
14433,6,small,100,50
14433,53,large,400,200
14437,94,large,400,200
14445,53,large,400,200
14450,7,large,400,200
14450,44,large,400,200
14450,53,large,400,200
14450,56,large,400,200
14456,21,large,400,200
14456,51,medium,200,100
14464,22,large,400,200
14464,45,large,400,200
14468,0,large,400,200
14468,43,large,400,200
14470,45,large,400,200
14472,0,large,400,200
14472,22,large,400,200
14476,79,medium,200,100
14481,36,small,100,50
14486,37,small,100,50
14505,87,large,400,200
14521,52,large,400,200
14525,98,medium,200,100
14526,3,large,400,200
14526,24,large,400,200
14526,50,large,400,200
14532,0,large,400,200
14536,95,small,100,50
14541,84,large,400,200
14544,19,small,100,50
14545,20,small,100,50
14546,61,small,100,50
14546,84,large,400,200
14560,99,small,100,50
14568,62,large,400,200
14569,13,medium,200,100
14580,8,large,400,200
14580,14,large,400,200
14580,62,large,400,200
14580,90,large,400,200
14586,52,medium,200,100
14586,84,large,400,200
14589,52,medium,200,100
14589,84,large,400,200
14590,7,small,100,50
14590,99,medium,200,100
14608,40,medium,200,100
14609,5,large,400,200
14609,45,large,400,200
14609,46,large,400,200
14609,89,large,400,200
14612,1,large,400,200
14612,10,large,400,200
14612,11,large,400,200
14612,22,medium,200,100
14612,52,large,400,200
14617,37,large,400,200
14617,40,small,100,50
14621,1,large,400,200
14621,4,large,400,200
14621,16,large,400,200
14621,39,large,400,200
14621,41,large,400,200
14621,44,large,400,200
14621,82,small,100,50
14622,23,large,400,200
14622,72,large,400,200
14717,98,small,100,50
14727,82,large,400,200
14741,53,medium,200,100
14747,84,large,400,200
14767,79,medium,200,100
14770,93,medium,200,100
14772,33,large,400,200
14805,4,small,100,50
14806,21,medium,200,100
