zip,total_expand,small,medium,large,total_new_capacity,current_capacity_012,current_capacity_05,required_012,required_05
10001,46.0,1,0,2,900,609.0,0.0,697.7333333333332,496.0
10002,410.0,0,0,5,2000,4729.0,18.0,3553.4,1428.0
10003,160.0,0,0,4,1600,1995.0,0.0,1015.2666666666668,960.0
10004,39.0,1,0,1,500,263.0,0.0,237.2,288.66666666666663
10005,0.0,0,0,2,800,39.0,0.0,412.7,322.66666666666663
10006,22.0,1,0,0,100,156.0,14.0,134.5,85.33333333333333
10007,4.0,0,0,2,800,284.0,0.0,410.0,403.3333333333333
10009,46.0,0,0,6,2400,1784.0,18.0,1551.6666666666663,1264.0
10010,0.0,0,0,5,2000,234.0,0.0,1194.2666666666669,948.0
10011,164.0,0,0,3,1200,1956.0,42.0,1075.8,806.0
10012,0.0,1,0,2,900,24.0,0.0,339.4,408.6666666666666
10013,33.0,0,0,4,1600,435.0,0.0,1060.8666666666666,832.6666666666666
10014,201.0,0,0,1,400,1711.0,71.0,785.5,472.0
10016,0.0,0,0,6,2400,823.0,0.0,1301.6666666666663,1198.6666666666663
10017,0.0,0,0,1,400,107.0,0.0,254.6,128.66666666666666
10019,33.0,0,1,3,1400,591.0,0.0,1046.1,732.6666666666666
10020,0.0,0,0,0,0,44.0,0.0,0.0,0.0
10021,0.0,0,0,6,2400,460.0,0.0,1445.7999999999995,1191.3333333333333
10022,0.0,1,0,4,1700,16.0,0.0,934.2,818.6666666666666
10023,166.0,0,0,11,4400,1099.0,0.0,2433.5333333333333,2365.333333333333
10024,99.0,0,1,13,5400,1243.0,15.0,2951.333333333333,2814.0
10025,109.0,0,0,14,5600,2553.0,91.0,3391.2666666666664,2999.333333333333
10026,64.0,0,0,7,2800,1706.0,18.0,1827.0666666666664,1481.3333333333333
10027,224.0,0,0,11,4400,3758.0,0.0,2951.5999999999995,2424.0
10028,10.0,0,1,5,2200,348.0,36.0,1632.7999999999995,1146.0
10029,244.0,0,0,12,4800,3358.0,0.0,4836.9,2643.333333333333
10030,48.0,0,0,6,2400,1272.0,0.0,2117.6,1248.0
10031,73.0,0,1,7,3000,1577.0,0.0,3292.7,1572.6666666666663
10032,292.0,0,0,6,2400,3222.0,0.0,2954.1,1492.0
10033,138.0,0,0,10,4000,2893.0,0.0,3622.3,2137.333333333333
10034,144.0,0,0,8,3200,3126.0,0.0,2902.4,1743.3333333333333
10035,188.0,0,0,7,2800,2075.0,0.0,2861.3,1588.0
10036,23.0,0,0,2,800,686.0,0.0,529.8666666666666,422.6666666666666
10037,43.0,1,0,3,1300,586.0,21.0,1283.0,713.3333333333333
10038,95.0,0,0,2,800,802.0,20.0,709.1999999999999,514.6666666666666
10039,66.0,0,0,6,2400,1423.0,0.0,2316.0,1265.3333333333333
10040,114.0,0,0,6,2400,2594.0,0.0,2825.0,1313.3333333333333
10044,26.0,0,0,3,1200,489.0,0.0,585.5999999999999,626.0
10065,47.0,0,0,7,2800,845.0,40.0,1366.7333333333331,1486.6666666666663
10069,0.0,0,1,2,1000,16.0,0.0,428.6,460.0
10075,29.0,0,0,4,1600,235.0,0.0,840.1999999999999,828.6666666666666
10128,11.0,1,0,9,3700,301.0,0.0,1886.4,1860.6666666666663
10280,12.0,0,0,1,400,509.0,0.0,210.06666666666663,212.0
10282,29.0,1,0,1,500,279.0,0.0,446.0,278.66666666666663
10301,44.0,0,0,9,3600,1905.0,10.0,2044.5333333333333,1853.3333333333333
10302,42.0,1,0,4,1700,744.0,0.0,1662.0,892.0
10303,42.0,0,0,4,1600,1629.0,0.0,2152.3,841.3333333333333
10304,49.0,0,0,7,2800,2020.0,41.0,2310.133333333333,1489.3333333333333
10305,52.0,1,0,5,2100,786.0,0.0,1753.9333333333334,1102.0
10306,38.0,0,1,8,3400,578.0,0.0,2642.5999999999995,1737.3333333333333
10307,32.0,0,1,3,1400,259.0,0.0,735.3999999999999,732.0
10308,38.0,0,1,3,1400,447.0,0.0,1296.1999999999998,737.3333333333333
10309,41.0,1,0,6,2500,297.0,0.0,1791.8666666666668,1290.6666666666663
10310,45.0,0,0,7,2800,1168.0,0.0,1586.4666666666665,1444.6666666666663
10311,0.0,0,0,0,0,123.0,0.0,0.0,0.0
10312,38.0,0,0,12,4800,1140.0,8.0,3362.333333333333,2445.333333333333
10314,113.0,0,0,17,6800,1654.0,0.0,4821.466666666666,3512.6666666666665
10451,130.0,0,0,11,4400,3287.0,0.0,4619.3,2329.333333333333
10452,441.0,0,0,16,6400,7000.0,0.0,7720.7,3640.6666666666665
10453,451.0,0,0,16,6400,6841.0,0.0,7827.9,3650.6666666666665
10454,314.0,0,0,8,3200,3163.0,0.0,3968.3,1913.3333333333333
10455,72.0,0,0,8,3200,3035.0,0.0,4246.5,1671.3333333333333
10456,479.0,0,0,20,8000,7286.0,0.0,8511.0,4478.666666666666
10457,324.0,0,0,21,8400,6559.0,0.0,8633.2,4523.333333333333
10458,124.0,0,0,18,7200,4657.0,0.0,7807.9,3723.333333333333
10459,249.0,0,0,12,4800,4018.0,0.0,4930.8,2648.6666666666665
10460,256.0,0,0,12,4800,4820.0,0.0,5406.8,2655.333333333333
10461,34.0,0,0,9,3600,1462.0,0.0,3960.0,1833.3333333333333
10462,121.0,0,0,18,7200,3425.0,0.0,6681.7,3720.6666666666665
10463,369.0,0,0,13,5200,4249.0,0.0,3563.133333333333,2968.6666666666665
10464,0.0,1,0,0,100,114.0,0.0,172.86666666666667,50.0
10465,129.0,1,0,10,4100,1888.0,0.0,2402.133333333333,2178.6666666666665
10466,129.0,0,0,14,5600,3192.0,0.0,5980.6,2928.6666666666665
10467,428.0,0,0,19,7600,6220.0,0.0,8542.2,4227.333333333333
10468,248.0,0,0,21,8400,4308.0,0.0,7825.9,4447.333333333333
10469,189.0,0,0,14,5600,2315.0,0.0,5490.3,2988.6666666666665
10470,24.0,1,0,4,1700,632.0,0.0,1077.1,874.0
10471,27.0,1,0,3,1300,284.0,0.0,836.0666666666666,676.6666666666666
10472,148.0,0,0,17,6800,3593.0,0.0,6195.2,3547.333333333333
10473,295.0,0,0,11,4400,3548.0,0.0,4850.7,2494.6666666666665
10474,68.0,0,0,3,1200,1194.0,0.0,1300.7,667.3333333333333
10475,77.0,0,0,10,4000,1808.0,0.0,3228.1,2076.6666666666665
10502,15.0,0,0,1,400,273.0,0.0,335.5333333333333,214.66666666666663
10504,0.0,0,0,0,0,706.0,547.0,490.8,347.3333333333333
10506,11.0,0,0,1,400,80.0,0.0,382.4666666666667,210.66666666666663
10507,0.0,0,0,1,400,220.0,151.0,354.0,283.3333333333333
10509,0.0,0,0,0,0,1015.0,793.0,980.4,735.3333333333333
10510,0.0,0,0,0,0,704.0,378.0,476.73333333333335,250.0
10511,0.0,0,1,0,200,72.0,0.0,100.73333333333332,79.33333333333333
10512,26.0,0,0,3,1200,230.0,126.0,967.4,751.3333333333333
10514,23.0,0,1,0,200,585.0,424.0,807.3999999999999,488.0
10516,0.0,1,0,0,100,163.0,147.0,238.9333333333333,188.66666666666663
10517,8.0,0,0,0,0,114.0,0.0,5.066666666666666,7.333333333333333
10520,0.0,0,0,0,0,847.0,544.0,622.4666666666667,412.0
10522,0.0,0,0,0,0,581.0,444.0,573.5999999999999,394.6666666666666
10523,49.0,0,0,0,0,733.0,407.0,526.8,456.0
10524,0.0,0,1,0,200,16.0,0.0,168.86666666666667,87.33333333333333
10527,0.0,0,0,0,0,64.0,64.0,35.7,10.0
10528,3.0,1,0,0,100,690.0,483.0,792.9333333333334,524.0
10530,16.0,0,0,2,800,405.0,162.0,582.0666666666666,578.0
10532,22.0,0,0,0,0,381.0,171.0,236.26666666666665,192.66666666666663
10533,21.0,1,0,1,500,157.0,88.0,575.4666666666667,358.66666666666663
10535,5.0,0,0,0,0,100.0,0.0,5.3,4.666666666666666
10536,0.0,0,0,1,400,315.0,236.0,635.5333333333333,343.3333333333333
10538,37.0,0,0,2,800,455.0,372.0,1271.1999999999998,808.6666666666666
10540,0.0,0,0,0,0,220.0,140.0,5.199999999999999,0.0
10541,78.0,0,0,1,400,958.0,588.0,1272.1333333333332,866.0
10543,62.0,0,1,1,600,867.0,400.0,1236.2666666666669,761.3333333333333
10547,0.0,0,0,0,0,817.0,497.0,335.19999999999993,246.66666666666663
10548,0.0,0,0,1,400,121.0,61.0,199.9333333333333,202.0
10549,46.0,0,1,1,600,734.0,584.0,882.1999999999999,930.0
10550,64.0,1,0,5,2100,1162.0,304.0,3096.7,1418.0
10552,17.0,0,1,2,1000,596.0,172.0,839.6,688.6666666666666
10553,0.0,0,1,1,600,156.0,0.0,606.6,292.0
10560,6.0,1,0,1,500,129.0,0.0,288.1333333333333,255.3333333333333
10562,149.0,1,0,2,900,1737.0,573.0,1364.8666666666666,1171.3333333333333
10566,64.0,1,0,1,500,862.0,380.0,961.9333333333334,693.3333333333333
10567,0.0,0,0,3,1200,303.0,173.0,999.8666666666666,756.6666666666666
10570,1.0,0,1,1,600,316.0,139.0,637.1333333333333,439.3333333333333
10573,0.0,0,0,5,2000,1573.0,501.0,1975.3333333333333,1498.6666666666663
10576,0.0,0,1,0,200,40.0,0.0,153.13333333333333,65.33333333333333
10577,0.0,0,0,0,0,365.0,336.0,125.6,141.33333333333331
10579,55.0,0,0,0,0,310.0,78.0,306.0,132.66666666666666
10580,0.0,0,0,2,800,410.0,258.0,1142.4666666666665,534.0
10583,0.0,0,0,2,800,1776.0,1349.0,2547.4666666666662,1454.0
10588,0.0,1,0,1,500,41.0,0.0,189.0,214.66666666666663
10589,0.0,0,1,0,200,210.0,59.0,351.5,121.33333333333331
10590,3.0,1,0,0,100,245.0,163.0,346.8666666666666,216.0
10591,114.0,0,1,0,200,1667.0,696.0,1066.0666666666666,909.3333333333331
10594,0.0,1,0,1,500,32.0,0.0,317.2,239.3333333333333
10595,0.0,0,0,0,0,740.0,605.0,262.8666666666667,237.3333333333333
10598,0.0,0,0,0,0,1592.0,1049.0,1415.4666666666665,851.3333333333333
10601,55.0,0,0,0,0,284.0,229.0,338.2,220.0
10603,12.0,0,1,3,1400,338.0,58.0,1018.1333333333332,770.0
10604,46.0,0,0,0,0,727.0,426.0,766.7333333333332,471.3333333333333
10605,0.0,0,0,0,0,2123.0,1454.0,872.1999999999999,652.6666666666666
10606,80.0,0,0,0,0,923.0,548.0,756.1333333333333,627.3333333333333
10607,0.0,1,0,0,100,345.0,206.0,409.3,222.66666666666663
10701,97.0,0,0,11,4400,2656.0,829.0,5810.4,3125.333333333333
10703,57.0,0,0,3,1200,983.0,165.0,1001.6,821.3333333333333
10704,12.0,0,0,6,2400,620.0,38.0,1474.5333333333333,1250.0
10705,25.0,0,0,5,2000,1750.0,281.0,2979.5,1306.0
10706,0.0,0,0,0,0,630.0,322.0,426.4,271.3333333333333
10707,0.0,0,0,1,400,357.0,284.0,493.3333333333333,476.6666666666666
10708,13.0,1,0,3,1300,193.0,93.0,967.7333333333332,755.3333333333333
10709,37.0,1,0,1,500,437.0,37.0,541.5333333333333,323.3333333333333
10710,8.0,0,0,4,1600,757.0,0.0,1106.5333333333333,807.3333333333333
10801,304.0,0,0,2,800,2388.0,522.0,1860.8666666666668,1226.0
10803,42.0,0,1,0,200,660.0,559.0,901.9333333333334,437.3333333333333
10804,0.0,0,0,0,0,1215.0,650.0,935.0666666666666,442.6666666666666
10805,10.0,1,0,3,1300,238.0,103.0,793.7333333333332,762.6666666666666
10901,44.0,0,1,2,1000,973.0,309.0,1322.7333333333331,852.6666666666666
10913,0.0,0,0,0,0,363.0,175.0,213.86666666666667,94.0
10914,0.0,0,0,0,0,52.0,45.0,30.93333333333333,0.0
10916,0.0,0,0,1,400,8.0,0.0,218.73333333333332,102.66666666666666
10917,0.0,0,0,1,400,175.0,43.0,149.6,196.66666666666663
10918,22.0,0,0,2,800,166.0,90.0,602.6666666666666,511.3333333333333
10919,16.0,0,0,0,0,100.0,0.0,33.8,15.333333333333332
10920,0.0,0,0,0,0,462.0,277.0,369.06666666666666,259.3333333333333
10921,27.0,0,0,0,0,182.0,125.0,208.3333333333333,148.0
10923,14.0,1,0,2,900,171.0,99.0,602.0666666666666,562.6666666666666
10924,0.0,0,0,1,400,435.0,339.0,641.8,486.6666666666666
10925,0.0,1,1,0,300,69.0,0.0,178.2,106.66666666666666
10926,0.0,0,0,1,400,40.0,0.0,201.6,166.66666666666666
10927,25.0,0,0,2,800,619.0,280.0,1133.6,704.6666666666666
10928,0.0,0,0,1,400,101.0,0.0,262.6,148.0
10930,0.0,0,0,1,400,92.0,58.0,436.8,215.3333333333333
10940,89.0,0,0,7,2800,1566.0,795.0,2889.0,2284.0
10941,0.0,0,0,0,0,723.0,464.0,588.8,428.6666666666666
10950,43.0,1,0,26,10500,713.0,479.0,6900.666666666666,5772.0
10952,31.0,0,0,23,9200,581.0,123.0,5402.0,4754.0
10954,32.0,0,0,4,1600,952.0,131.0,1207.1333333333332,962.6666666666666
10956,62.0,0,0,1,400,1649.0,818.0,1504.7999999999995,1079.3333333333333
10960,24.0,0,1,0,200,460.0,288.0,589.3333333333333,412.0
10962,0.0,0,0,1,400,16.0,0.0,206.06666666666663,120.0
10963,0.0,0,1,0,200,124.0,44.0,190.86666666666667,123.33333333333331
10964,0.0,0,0,0,0,135.0,111.0,42.73333333333333,14.0
10965,82.0,0,0,1,400,615.0,374.0,935.5333333333332,656.0
10968,0.0,0,0,0,0,173.0,173.0,83.8,111.33333333333331
10970,7.0,0,1,3,1400,201.0,105.0,777.2666666666667,812.0
10973,0.0,0,0,0,0,183.0,143.0,127.86666666666667,22.0
10974,0.0,0,0,1,400,48.0,0.0,151.79999999999998,138.66666666666666
10977,155.0,0,0,22,8800,2303.0,1161.0,10901.4,5716.0
10980,7.0,0,0,2,800,349.0,107.0,638.1333333333333,514.0
10983,11.0,0,1,0,200,246.0,0.0,204.2,110.66666666666666
10984,0.0,0,0,1,400,143.0,0.0,189.13333333333333,198.66666666666663
10987,4.0,0,1,0,200,40.0,0.0,137.2,103.33333333333331
10989,26.0,1,0,0,100,261.0,114.0,294.79999999999995,189.3333333333333
10990,0.0,0,0,1,400,466.0,280.0,837.3333333333333,476.0
10992,0.0,0,0,1,400,360.0,227.0,552.1333333333333,389.3333333333333
10993,0.0,0,0,0,0,401.0,303.0,162.8,48.66666666666666
10994,37.0,0,0,0,0,825.0,149.0,391.5,186.0
10998,0.0,0,0,1,400,43.0,43.0,213.86666666666667,172.0
11001,0.0,0,0,3,1200,537.0,188.0,1285.8666666666666,747.3333333333333
11003,173.0,0,0,7,2800,2415.0,209.0,2083.6666666666665,1781.3333333333333
11004,0.0,0,0,3,1200,427.0,0.0,660.0,596.0
11010,0.0,0,0,5,2000,282.0,0.0,1292.1333333333332,972.0
11020,15.0,1,0,0,100,142.0,62.0,256.06666666666666,121.33333333333331
11021,23.0,0,0,2,800,202.0,202.0,889.7333333333332,624.6666666666666
11023,35.0,1,0,1,500,355.0,217.0,808.8666666666666,502.0
11024,68.0,0,0,1,400,552.0,302.0,731.7333333333332,570.0
11030,0.0,0,0,1,400,689.0,279.0,955.8666666666666,478.6666666666666
11040,172.0,0,0,2,800,1220.0,726.0,1832.733333333333,1298.0
11042,0.0,0,0,0,0,282.0,282.0,0.0,0.0
11050,130.0,0,0,1,400,1928.0,956.0,1931.733333333333,1285.3333333333333
11096,28.0,0,0,2,800,349.0,167.0,1009.3,594.6666666666666
11101,202.0,0,0,6,2400,1616.0,6.0,2057.2,1407.3333333333333
11102,116.0,0,0,4,1600,1390.0,0.0,1384.0,915.3333333333331
11103,2.0,0,0,5,2000,524.0,0.0,1030.0666666666666,1001.3333333333331
11104,180.0,0,0,5,2000,1229.0,0.0,1194.4,1179.3333333333333
11105,80.0,0,1,6,2600,830.0,22.0,1562.7999999999995,1402.0
11106,99.0,0,0,6,2400,1535.0,0.0,1466.6666666666663,1298.6666666666663
11109,0.0,0,0,3,1200,89.0,0.0,470.19999999999993,585.3333333333333
11201,100.0,0,0,16,6400,1957.0,0.0,3320.333333333333,3300.0
11203,292.0,0,0,12,4800,3405.0,0.0,5174.7,2691.333333333333
11204,206.0,0,0,23,9200,3192.0,0.0,9011.2,4806.0
11205,68.0,0,1,15,6200,918.0,0.0,3845.2,3167.333333333333
11206,202.0,0,0,23,9200,3393.0,0.0,8969.0,4801.333333333333
11207,451.0,0,0,19,7600,6232.0,0.0,8164.8,4250.666666666666
11208,318.0,0,0,26,10400,5054.0,0.0,10240.5,5517.333333333333
11209,91.0,0,1,13,5400,1423.0,0.0,3345.2666666666664,2790.6666666666665
11210,117.0,0,0,11,4400,2014.0,0.0,3465.8,2316.6666666666665
11211,308.0,0,0,15,6000,2453.0,0.0,3515.5333333333333,3307.333333333333
11212,326.0,0,0,18,7200,5430.0,0.0,7323.5,3926.0
11213,209.0,0,0,15,6000,2191.0,15.0,5914.6,3223.333333333333
11214,187.0,0,1,16,6600,2498.0,0.0,6977.8,3486.6666666666665
11215,208.0,0,0,18,7200,3125.0,0.0,4208.533333333333,3808.0
11216,72.0,0,0,10,4000,1778.0,0.0,2472.2666666666664,2071.333333333333
11217,63.0,0,0,12,4800,1183.0,0.0,2088.9333333333334,2462.6666666666665
11218,288.0,0,0,15,6000,3087.0,0.0,4596.2,3287.333333333333
11219,84.0,0,0,40,16000,2595.0,0.0,13809.8,8083.333333333333
11220,155.0,0,1,18,7400,2411.0,0.0,8702.2,3854.6666666666665
11221,278.0,0,0,14,5600,3111.0,0.0,5778.7,3077.333333333333
11222,29.0,0,0,8,3200,672.0,0.0,1455.2666666666669,1628.6666666666663
11223,28.0,0,0,22,8800,1448.0,0.0,8003.9,4428.0
11224,116.0,0,0,7,2800,1165.0,0.0,3256.6,1516.0
11225,36.0,0,0,10,4000,1993.0,0.0,3561.1,2035.3333333333333
11226,111.0,0,0,18,7200,3099.0,0.0,6777.8,3710.6666666666665
11228,120.0,0,0,7,2800,1293.0,0.0,1998.0,1519.3333333333333
11229,186.0,0,0,15,6000,1840.0,0.0,4357.666666666666,3185.333333333333
11230,29.0,1,0,26,10500,824.0,0.0,6032.466666666667,5278.666666666666
11231,112.0,0,0,10,4000,1462.0,0.0,2358.6666666666665,2111.333333333333
11232,128.0,0,1,4,1800,1699.0,0.0,2125.9,1028.0
11233,202.0,0,0,18,7200,3415.0,0.0,6608.2,3802.0
11234,110.0,0,0,15,6000,2870.0,0.0,4411.866666666667,3110.0
11235,76.0,0,0,14,5600,1909.0,0.0,3423.7333333333336,2875.333333333333
11236,408.0,0,0,17,6800,4600.0,0.0,7787.5,3808.0
11237,143.0,0,0,6,2400,1469.0,0.0,2535.2,1342.6666666666663
11238,168.0,0,0,14,5600,2010.0,0.0,2651.5333333333333,2968.0
11239,75.0,1,0,1,500,802.0,0.0,983.9,324.66666666666663
11249,0.0,0,0,16,6400,315.0,0.0,3306.6666666666665,3182.6666666666665
11354,56.0,0,0,8,3200,1253.0,0.0,2724.2,1656.0
11355,343.0,0,0,11,4400,3453.0,0.0,4699.5,2542.6666666666665
11356,66.0,0,1,6,2600,882.0,0.0,2236.4,1366.0
11357,62.0,0,0,7,2800,1087.0,0.0,2075.133333333333,1462.0
11358,49.0,0,1,6,2600,679.0,0.0,2537.1,1348.6666666666663
11360,0.0,0,0,3,1200,485.0,0.0,645.4666666666667,572.6666666666666
11361,149.0,0,0,5,2000,1501.0,0.0,1354.3333333333333,1148.6666666666663
11362,18.0,0,0,2,800,349.0,0.0,620.3333333333333,417.3333333333333
11363,8.0,0,0,1,400,226.0,15.0,389.6666666666666,222.66666666666663
11364,68.0,0,0,6,2400,1330.0,0.0,1878.3333333333333,1267.3333333333333
11365,136.0,0,0,9,3600,1326.0,0.0,3581.3,1936.0
11366,0.0,0,0,3,1200,587.0,0.0,626.1333333333333,554.6666666666666
11367,143.0,0,0,12,4800,2221.0,0.0,4088.1,2542.6666666666665
11368,263.0,0,0,25,10000,3073.0,0.0,10023.6,5262.666666666666
11369,102.0,1,0,4,1700,1444.0,0.0,2100.8,952.0
11370,3.0,1,0,4,1700,454.0,0.0,1636.5,852.6666666666666
11372,122.0,0,0,12,4800,1767.0,16.0,4841.9,2537.333333333333
11373,260.0,0,0,17,6800,3358.0,0.0,7606.4,3659.333333333333
11374,219.0,0,0,8,3200,1851.0,0.0,2217.6,1818.6666666666663
11375,101.0,0,0,14,5600,1377.0,0.0,3508.2666666666664,2900.6666666666665
11377,271.0,0,0,16,6400,3046.0,0.0,6156.0,3470.6666666666665
11378,0.0,0,0,8,3200,632.0,0.0,1931.1333333333328,1578.0
11379,125.0,0,0,5,2000,1618.0,0.0,1747.5333333333333,1124.6666666666663
11385,218.0,0,0,19,7600,2990.0,0.0,7604.9,4018.0
11411,15.0,0,0,3,1200,745.0,0.0,801.3999999999999,614.6666666666666
11412,7.0,0,0,7,2800,1674.0,0.0,2680.3,1406.6666666666663
11413,216.0,0,0,6,2400,2309.0,0.0,3080.9,1415.3333333333333
11414,43.0,0,0,7,2800,828.0,0.0,1716.2666666666669,1442.6666666666663
11415,0.0,0,0,4,1600,63.0,0.0,927.8666666666666,784.0
11416,0.0,0,0,6,2400,577.0,0.0,2283.8,1156.0
11417,0.0,0,0,7,2800,838.0,0.0,2754.5,1348.6666666666663
11418,178.0,0,0,7,2800,1610.0,0.0,2990.2,1577.3333333333333
11419,55.0,1,0,6,2500,1090.0,0.0,2813.6,1304.6666666666663
11420,58.0,0,0,8,3200,1895.0,0.0,3126.6,1658.0
11421,5.0,0,0,8,3200,1310.0,0.0,2956.5,1599.3333333333333
11422,68.0,0,0,4,1600,1198.0,0.0,2073.1,867.3333333333333
11423,0.0,1,0,4,1700,489.0,0.0,1854.8,840.0
11426,30.0,0,0,4,1600,711.0,0.0,870.0666666666666,829.3333333333333
11427,27.0,0,0,6,2400,418.0,0.0,1213.3333333333333,1226.6666666666663
11428,50.0,0,0,3,1200,545.0,0.0,1102.7,650.0
11429,0.0,0,0,4,1600,357.0,0.0,1589.2,731.3333333333333
11432,186.0,0,0,13,5200,1639.0,0.0,4879.8,2785.333333333333
11433,92.0,0,0,9,3600,2105.0,0.0,3403.7,1891.3333333333333
11434,213.0,0,0,13,5200,3225.0,0.0,5549.7,2812.6666666666665
11435,25.0,0,0,16,6400,1759.0,0.0,5124.6,3224.6666666666665
11436,34.0,0,0,3,1200,256.0,0.0,1489.7,608.0
11501,54.0,0,0,0,0,933.0,691.0,986.8666666666666,690.6666666666666
11507,0.0,0,0,1,400,213.0,0.0,287.2,170.0
11510,81.0,1,0,3,1300,1563.0,349.0,1540.0,1080.0
11514,19.0,1,0,0,100,276.0,122.0,333.06666666666666,190.66666666666663
11516,0.0,0,0,1,400,156.0,140.0,537.8666666666666,286.66666666666663
11518,33.0,1,0,0,100,472.0,288.0,488.73333333333335,370.6666666666666
11520,166.0,0,0,4,1600,2809.0,632.0,3302.8,1597.3333333333333
11530,48.0,0,0,3,1200,671.0,251.0,1560.6,898.6666666666666
11542,47.0,0,0,1,400,1453.0,689.0,1273.6,935.3333333333331
11545,37.0,0,0,0,0,709.0,211.0,529.4666666666667,248.0
11548,0.0,0,0,0,0,263.0,223.0,36.8,13.333333333333332
11550,34.0,0,0,11,4400,2762.0,443.0,5189.8,2676.6666666666665
11552,25.0,0,1,3,1400,818.0,290.0,1511.4,1014.6666666666666
11553,70.0,0,0,6,2400,1482.0,155.0,2349.8,1424.6666666666663
11554,56.0,0,0,5,2000,962.0,406.0,1842.733333333333,1461.3333333333333
11556,0.0,0,0,0,0,116.0,116.0,0.0,0.0
11557,12.0,0,1,0,200,390.0,187.0,447.73333333333335,298.66666666666663
11558,24.0,1,0,1,500,272.0,57.0,360.3333333333333,330.66666666666663
11559,0.0,0,0,0,0,745.0,729.0,557.8666666666666,398.0
11560,0.0,0,0,1,400,117.0,57.0,358.9333333333333,242.0
11561,28.0,0,1,3,1400,654.0,373.0,1305.5333333333333,1100.6666666666663
11563,68.0,0,1,0,200,1248.0,681.0,990.1333333333332,848.6666666666666
11565,56.0,0,0,1,400,323.0,174.0,439.6666666666666,429.3333333333333
11566,67.0,0,0,2,800,2088.0,997.0,1904.6666666666663,1464.0
11568,0.0,0,0,0,0,291.0,270.0,124.66666666666666,38.66666666666666
11570,98.0,0,0,2,800,653.0,516.0,1453.6,1013.3333333333331
11572,52.0,0,1,0,200,1147.0,796.0,1398.4,893.3333333333333
11575,43.0,0,0,4,1600,1386.0,304.0,1907.2,1146.6666666666663
11576,0.0,0,0,0,0,562.0,518.0,551.8,308.66666666666663
11577,18.0,0,0,0,0,667.0,441.0,684.1333333333333,291.3333333333333
11579,0.0,0,0,1,400,140.0,20.0,353.7333333333333,210.66666666666663
11580,16.0,0,0,3,1200,1009.0,269.0,1512.4,884.6666666666666
11581,32.0,1,0,3,1300,562.0,156.0,1295.4666666666665,838.0
11590,101.0,1,0,7,2900,1753.0,476.0,2530.4,2026.6666666666663
11596,29.0,0,0,1,400,253.0,150.0,591.0,378.6666666666666
11598,33.0,0,0,2,800,392.0,299.0,1196.0666666666666,732.0
11691,232.0,0,0,19,7600,2880.0,0.0,7635.5,4032.0
11692,39.0,0,1,5,2200,963.0,0.0,2576.4,1138.6666666666663
11693,54.0,0,0,2,800,328.0,0.0,621.3999999999999,454.0
11694,111.0,0,0,4,1600,752.0,0.0,1210.1333333333332,910.6666666666666
11701,0.0,0,0,3,1200,675.0,291.0,1207.6,848.0
11702,0.0,0,0,2,800,373.0,179.0,587.2666666666667,527.3333333333333
11703,154.0,0,0,2,800,1101.0,0.0,903.4666666666668,554.0
11704,28.0,0,0,5,2000,972.0,183.0,1646.0,1210.6666666666663
11705,0.0,0,0,1,400,218.0,114.0,369.8666666666666,268.0
11706,220.0,0,0,8,3200,2408.0,885.0,3785.866666666667,2704.6666666666665
11709,0.0,1,1,0,300,52.0,0.0,242.86666666666667,122.66666666666666
11710,64.0,0,1,2,1000,1257.0,579.0,1900.4,1142.6666666666663
11713,2.0,1,0,1,500,213.0,45.0,559.5,296.66666666666663
11714,62.0,0,0,2,800,798.0,338.0,1109.6666666666663,799.3333333333333
11715,0.0,1,1,0,300,40.0,0.0,264.7,81.33333333333333
11716,19.0,0,1,0,200,720.0,305.0,492.6,423.3333333333333
11717,64.0,0,0,10,4000,2366.0,581.0,5214.6,2644.6666666666665
11719,0.0,1,0,0,100,122.0,101.0,177.66666666666666,126.66666666666666
11720,47.0,0,1,4,1800,483.0,116.0,1344.4,1062.6666666666663
11721,7.0,1,0,0,100,188.0,164.0,246.53333333333333,220.66666666666663
11722,0.0,0,0,8,3200,862.0,43.0,3018.5,1622.0
11724,0.0,0,1,0,200,128.0,77.0,208.6,160.66666666666666
11725,0.0,0,0,0,0,1937.0,1272.0,1358.2666666666669,974.6666666666666
11726,21.0,0,0,5,2000,502.0,57.0,1883.0,1077.3333333333333
11727,8.0,0,0,4,1600,614.0,374.0,1429.7999999999995,1181.3333333333333
11729,13.0,1,0,3,1300,521.0,155.0,1113.6,817.3333333333333
11730,0.0,0,0,2,800,95.0,95.0,612.8,458.0
11731,45.0,0,0,4,1600,577.0,427.0,1592.1333333333332,1272.0
11733,35.0,1,0,0,100,696.0,656.0,830.5333333333333,508.6666666666666
11735,56.0,0,1,1,600,1076.0,662.0,1336.7333333333331,1017.3333333333331
11738,40.0,1,0,3,1300,477.0,288.0,1094.8,977.3333333333331
11739,0.0,0,0,0,0,116.0,116.0,33.599999999999994,14.666666666666666
11740,0.0,0,0,1,400,272.0,163.0,551.4,318.66666666666663
11741,51.0,0,0,4,1600,600.0,219.0,1423.6,1070.0
11742,29.0,0,1,1,600,481.0,223.0,688.5333333333333,552.0
11743,46.0,0,0,0,0,1758.0,1208.0,1804.0,1001.3333333333331
11746,53.0,0,0,4,1600,2068.0,1407.0,3347.933333333333,2260.0
11747,0.0,0,0,0,0,953.0,855.0,869.0666666666666,620.6666666666666
11749,13.0,0,0,0,0,246.0,107.0,170.13333333333333,119.33333333333331
11751,0.0,0,0,2,800,257.0,94.0,547.9333333333333,451.3333333333333
11752,0.0,0,0,0,0,458.0,381.0,429.8,243.3333333333333
11753,13.0,0,1,1,600,289.0,83.0,749.8666666666666,396.0
11754,60.0,0,1,1,600,540.0,322.0,892.3333333333333,682.0
11755,8.0,0,1,1,600,293.0,0.0,616.3333333333333,308.0
11756,11.0,0,0,3,1200,1383.0,959.0,1777.2,1570.0
11757,61.0,0,0,5,2000,1198.0,523.0,2032.1333333333328,1583.3333333333333
11758,46.0,0,0,5,2000,1826.0,932.0,2395.2666666666664,1978.0
11762,36.0,1,0,4,1700,434.0,0.0,1082.4666666666667,885.3333333333333
11763,70.0,1,0,1,500,939.0,642.0,1508.7333333333331,877.3333333333333
11764,13.0,0,0,0,0,558.0,321.0,570.8666666666666,286.0
11765,0.0,1,0,0,100,72.0,0.0,39.39999999999999,26.0
11766,0.0,0,0,1,400,317.0,241.0,572.6666666666666,318.66666666666663
11767,3.0,0,1,1,600,208.0,125.0,704.5333333333333,428.0
11768,0.0,0,0,0,0,910.0,562.0,850.5333333333333,552.6666666666666
11769,0.0,2,0,0,200,157.0,136.0,304.46666666666664,224.66666666666663
11771,22.0,0,1,2,1000,220.0,66.0,534.7333333333333,587.3333333333333
11772,71.0,0,1,4,1800,954.0,678.0,2073.333333333333,1648.6666666666663
11776,0.0,0,1,3,1400,178.0,74.0,1212.8666666666666,765.3333333333333
11777,0.0,0,1,0,200,248.0,197.0,402.19999999999993,244.66666666666663
11778,25.0,1,0,2,900,305.0,117.0,719.8666666666666,591.3333333333333
11779,131.0,0,0,0,0,1776.0,1257.0,1852.3333333333333,1387.3333333333333
11780,27.0,0,1,1,600,172.0,39.0,651.4666666666667,366.0
11782,31.0,0,0,2,800,399.0,100.0,823.8,530.6666666666666
11783,61.0,0,0,1,400,601.0,347.0,968.6666666666666,607.3333333333333
11784,19.0,0,0,5,2000,461.0,99.0,1333.5333333333333,1118.0
11786,0.0,0,1,0,200,173.0,91.0,349.8,152.0
11787,175.0,0,0,0,0,1462.0,765.0,1425.6666666666663,940.0
11788,27.0,0,1,0,200,698.0,573.0,774.0666666666666,699.3333333333333
11790,0.0,0,0,1,400,296.0,280.0,594.1999999999999,454.6666666666666
11791,80.0,0,0,0,0,1488.0,1066.0,1567.4,708.6666666666666
11792,31.0,0,1,0,200,267.0,143.0,392.26666666666665,274.0
11793,44.0,1,0,2,900,826.0,552.0,1583.0666666666666,1045.3333333333333
11794,0.0,0,0,0,0,160.0,160.0,0.0,0.0
11795,0.0,0,0,2,800,706.0,556.0,1176.6666666666663,939.3333333333331
11796,0.0,0,0,1,400,55.0,0.0,177.9333333333333,142.66666666666666
11797,0.0,0,0,0,0,825.0,770.0,486.19999999999993,380.0
11798,41.0,0,0,3,1200,794.0,103.0,1675.5,744.0
11801,123.0,0,0,1,400,1427.0,731.0,1691.3333333333333,1053.3333333333333
11803,0.0,0,0,0,0,1892.0,1425.0,1605.4,937.3333333333331
11901,25.0,0,0,5,2000,916.0,482.0,2095.9,1506.6666666666663
11931,0.0,0,0,0,0,72.0,72.0,0.0,0.0
11932,0.0,1,0,0,100,16.0,16.0,56.33333333333333,0.0
11933,0.0,0,0,1,400,125.0,0.0,258.79999999999995,182.0
11934,20.0,0,0,1,400,278.0,135.0,477.3333333333333,354.66666666666663
11935,0.0,1,0,0,100,78.0,38.0,145.7,28.666666666666664
11937,63.0,0,1,3,1400,623.0,123.0,1033.0666666666666,885.3333333333333
11940,0.0,0,0,1,400,151.0,0.0,282.7333333333333,178.66666666666666
11941,0.0,0,1,0,200,16.0,0.0,119.06666666666666,79.33333333333333
11946,0.0,0,0,3,1200,113.0,44.0,730.3999999999999,626.6666666666666
11948,0.0,0,0,0,0,70.0,70.0,30.6,9.333333333333332
11949,13.0,1,0,1,500,129.0,121.0,522.6666666666666,383.3333333333333
11950,4.0,0,1,3,1400,346.0,46.0,1447.2,750.0
11951,9.0,0,1,3,1400,187.0,107.0,1492.7,816.0
11953,0.0,0,0,0,0,759.0,564.0,633.3333333333333,460.6666666666666
11954,0.0,1,1,0,300,59.0,59.0,298.1,170.0
11955,18.0,1,0,0,100,110.0,110.0,119.46666666666664,178.0
11959,0.0,1,0,0,100,26.0,26.0,32.46666666666667,28.0
11960,14.0,0,0,0,0,82.0,0.0,29.266666666666666,13.333333333333332
11961,0.0,0,1,1,600,98.0,0.0,511.0666666666666,277.3333333333333
11962,0.0,0,0,0,0,16.0,0.0,9.0,0.0
11963,18.0,0,0,1,400,108.0,0.0,406.4666666666667,217.3333333333333
11967,24.0,0,1,3,1400,515.0,116.0,1369.4666666666665,839.3333333333333
11968,0.0,0,0,1,400,223.0,223.0,566.5333333333333,357.3333333333333
11971,17.0,0,1,0,200,172.0,132.0,388.5333333333333,243.3333333333333
11973,0.0,0,0,0,0,89.0,89.0,0.0,0.0
11975,0.0,0,0,0,0,89.0,89.0,7.733333333333332,8.666666666666666
11977,0.0,1,0,0,100,121.0,121.0,159.86666666666667,120.0
11978,0.0,0,0,0,0,247.0,175.0,149.39999999999998,67.33333333333333
11980,0.0,0,0,0,0,597.0,522.0,185.53333333333333,226.0
12009,0.0,0,1,1,600,88.0,0.0,409.9333333333333,280.0
12010,0.0,0,0,3,1200,1069.0,611.0,2154.2,1011.3333333333331
12018,0.0,0,0,2,800,68.0,0.0,369.06666666666666,318.0
12019,2.0,0,0,2,800,244.0,0.0,699.1333333333333,401.3333333333333
12020,23.0,0,1,0,200,1335.0,798.0,1557.8666666666668,724.6666666666666
12022,0.0,1,0,0,100,20.0,0.0,64.53333333333333,32.0
12027,11.0,1,0,0,100,133.0,104.0,222.06666666666663,164.66666666666666
12028,0.0,1,0,0,100,16.0,0.0,73.66666666666666,37.33333333333333
12033,34.0,0,0,0,0,327.0,177.0,301.1333333333333,210.66666666666663
12037,0.0,0,0,1,400,68.0,0.0,174.66666666666666,152.0
12043,0.0,0,0,0,0,317.0,206.0,274.26666666666665,170.0
12045,0.0,1,0,0,100,20.0,0.0,29.33333333333333,22.0
12047,77.0,0,0,2,800,565.0,306.0,1285.4666666666667,782.6666666666666
12051,0.0,0,0,1,400,52.0,22.0,190.4,174.66666666666666
12053,0.0,1,0,0,100,124.0,56.0,171.79999999999998,83.33333333333333
12054,39.0,0,0,1,400,690.0,239.0,769.2666666666667,477.3333333333333
12056,0.0,0,0,0,0,105.0,98.0,74.53333333333333,41.33333333333333
12057,0.0,0,1,0,200,16.0,0.0,81.53333333333333,88.66666666666666
12061,32.0,0,1,1,600,402.0,188.0,567.4,519.3333333333333
12065,37.0,0,0,0,0,2628.0,1587.0,2292.6,1623.3333333333333
12067,0.0,1,0,0,100,16.0,0.0,74.33333333333333,34.666666666666664
12068,0.0,1,0,0,100,192.0,0.0,128.86666666666667,42.0
12074,0.0,0,0,1,400,37.0,0.0,139.06666666666666,131.33333333333331
12077,27.0,1,0,1,500,172.0,89.0,353.8666666666666,366.0
12078,0.0,0,0,3,1200,656.0,236.0,1738.3,800.0
12083,0.0,0,1,0,200,139.0,36.0,222.4,111.33333333333331
12084,0.0,0,0,1,400,140.0,0.0,277.3333333333333,191.3333333333333
12085,0.0,0,0,0,0,74.0,54.0,6.6,0.0
12086,0.0,0,0,0,0,137.0,65.0,41.0,39.33333333333333
12090,0.0,1,0,1,500,76.0,76.0,374.9333333333333,302.66666666666663
12093,0.0,1,0,0,100,16.0,0.0,54.4,35.33333333333333
12095,50.0,0,0,1,400,506.0,168.0,863.0,417.3333333333333
12110,0.0,0,0,0,0,817.0,593.0,785.1999999999999,539.3333333333333
12116,0.0,1,0,0,100,8.0,0.0,65.26666666666667,36.0
12117,0.0,0,1,0,200,23.0,15.0,96.93333333333334,85.33333333333333
12118,41.0,0,1,2,1000,376.0,122.0,758.0,662.6666666666666
12120,0.0,1,0,0,100,8.0,0.0,25.866666666666664,24.0
12122,2.0,1,0,0,100,164.0,40.0,110.2,91.33333333333331
12123,0.0,0,0,1,400,160.0,70.0,243.26666666666665,230.66666666666663
12124,0.0,1,0,0,100,8.0,0.0,14.0,28.0
12134,0.0,1,1,0,300,80.0,0.0,167.46666666666664,118.66666666666666
12136,0.0,1,0,0,100,16.0,0.0,9.666666666666666,6.0
12137,0.0,0,1,0,200,8.0,0.0,104.46666666666664,54.66666666666666
12138,0.0,0,1,0,200,16.0,0.0,113.46666666666664,77.33333333333333
12140,0.0,2,0,0,200,52.0,0.0,75.9,64.66666666666666
12143,0.0,2,0,0,200,116.0,84.0,194.9333333333333,144.0
12144,22.0,0,1,2,1000,534.0,294.0,984.7333333333332,815.3333333333333
12148,0.0,1,1,0,300,68.0,0.0,162.39999999999998,107.33333333333331
12149,0.0,2,0,0,200,40.0,0.0,161.0,68.66666666666666
12151,0.0,1,0,0,100,8.0,0.0,60.8,35.33333333333333
12154,0.0,0,1,0,200,68.0,0.0,96.06666666666666,65.33333333333333
12155,0.0,1,0,0,100,68.0,44.0,100.1,12.666666666666666
12157,44.0,0,0,0,0,247.0,131.0,237.06666666666663,174.66666666666666
12158,0.0,1,1,0,300,112.0,34.0,284.06666666666666,152.0
12159,0.0,0,1,0,200,118.0,118.0,300.06666666666666,210.66666666666663
12160,0.0,1,0,0,100,8.0,0.0,36.06666666666666,42.0
12167,0.0,0,1,0,200,16.0,0.0,115.0,63.33333333333333
12170,0.0,0,0,1,400,159.0,62.0,238.0,222.66666666666663
12172,0.0,0,0,0,0,131.0,91.0,21.666666666666664,26.666666666666664
12180,118.0,0,0,2,800,1809.0,973.0,1956.4,1490.6666666666663
12182,0.0,0,1,1,600,626.0,228.0,1214.0,423.3333333333333
12183,0.0,0,0,1,400,16.0,0.0,199.8,164.0
12184,0.0,0,0,1,400,230.0,92.0,342.1333333333333,231.3333333333333
12186,11.0,0,1,0,200,225.0,49.0,230.53333333333333,160.0
12187,0.0,1,0,0,100,16.0,0.0,17.0,14.0
12188,0.0,1,0,1,500,146.0,70.0,486.19999999999993,310.0
12189,0.0,0,0,2,800,538.0,254.0,903.2,642.6666666666666
12190,0.0,1,0,0,100,16.0,0.0,28.53333333333333,27.33333333333333
12196,0.0,0,1,0,200,91.0,27.0,278.8666666666667,108.0
12197,0.0,1,0,0,100,40.0,0.0,59.46666666666667,50.0
12198,0.0,0,1,0,200,87.0,63.0,279.8666666666666,157.33333333333331
12202,28.0,1,0,2,900,337.0,54.0,688.8,532.0
12203,70.0,0,0,0,0,1228.0,608.0,879.1333333333333,678.0
12204,0.0,0,0,3,1200,30.0,0.0,549.8,553.3333333333333
12205,105.0,1,0,1,500,1202.0,516.0,1201.6,870.6666666666666
12206,55.0,0,0,0,0,1054.0,449.0,1108.1,297.3333333333333
12207,0.0,0,0,0,0,344.0,201.0,151.2,130.66666666666666
12208,0.0,0,0,0,0,1023.0,639.0,698.8666666666666,620.0
12209,53.0,0,1,1,600,568.0,205.0,967.8,558.0
12210,0.0,0,0,0,0,707.0,475.0,411.5,188.0
12211,0.0,0,0,2,800,331.0,179.0,579.5999999999999,532.0
12302,53.0,0,1,2,1000,776.0,438.0,1437.4,990.6666666666666
12303,7.0,0,0,2,800,956.0,435.0,1466.0,841.3333333333333
12304,0.0,0,0,2,800,961.0,645.0,1677.7,873.3333333333333
12305,0.0,0,0,0,0,236.0,193.0,202.3,163.33333333333331
12306,0.0,1,0,4,1700,585.0,356.0,1382.7999999999995,1206.0
12307,0.0,0,0,2,800,284.0,0.0,763.4,368.6666666666666
12308,0.0,0,0,2,800,317.0,183.0,885.9,530.6666666666666
12309,67.0,1,0,5,2100,1095.0,472.0,1944.8666666666668,1588.6666666666663
12401,60.0,1,0,4,1700,898.0,522.0,1803.8,1432.0
12404,0.0,0,0,1,400,80.0,0.0,175.73333333333335,132.0
12405,0.0,1,0,0,100,8.0,0.0,11.2,11.333333333333332
12406,0.0,0,0,0,0,34.0,34.0,3.2,0.6666666666666666
12413,1.0,1,0,0,100,86.0,58.0,186.8,50.0
12414,0.0,0,0,2,800,216.0,0.0,333.5333333333333,374.0
12419,0.0,0,1,0,200,8.0,0.0,50.46666666666667,55.33333333333333
12428,0.0,1,1,0,300,155.0,59.0,396.5,102.0
12431,0.0,0,1,0,200,8.0,0.0,87.46666666666665,71.33333333333333
12432,0.0,0,0,0,0,102.0,0.0,13.0,0.0
12434,0.0,0,1,0,200,8.0,0.0,95.9,56.66666666666666
12443,2.0,0,0,0,0,178.0,119.0,137.33333333333331,120.66666666666666
12446,0.0,0,0,1,400,16.0,0.0,197.3333333333333,180.0
12449,0.0,0,0,0,0,243.0,103.0,95.2,66.66666666666666
12451,0.0,1,0,0,100,8.0,0.0,50.4,42.66666666666666
12455,0.0,1,0,0,100,8.0,0.0,79.06666666666666,30.666666666666664
12457,0.0,2,0,0,200,16.0,0.0,53.39999999999999,66.0
12461,0.0,1,0,0,100,16.0,0.0,56.9,48.0
12463,0.0,1,0,0,100,12.0,0.0,33.33333333333333,14.666666666666666
12464,0.0,0,0,0,0,27.0,16.0,13.666666666666666,9.333333333333332
12466,0.0,0,1,0,200,95.0,0.0,155.0,77.33333333333333
12477,45.0,0,1,0,200,564.0,319.0,733.4666666666667,463.3333333333333
12484,0.0,1,0,0,100,87.0,87.0,165.39999999999998,84.66666666666666
12485,0.0,1,0,0,100,29.0,29.0,81.13333333333333,30.666666666666664
12498,0.0,1,0,0,100,44.0,44.0,117.06666666666666,44.0
12501,6.0,0,0,0,0,143.0,26.0,88.66666666666666,32.0
12504,0.0,0,0,0,0,46.0,46.0,0.0,0.0
12508,65.0,1,0,0,100,731.0,345.0,730.3333333333333,460.0
12518,5.00000299500002,0,0,1,400,116.0,36.0,280.3333333333333,240.66666666666663
12520,0.0,0,0,0,0,166.0,116.0,105.46666666666664,40.0
12521,0.0,1,0,0,100,18.0,18.0,37.133333333333326,7.333333333333333
12522,0.0,0,1,0,200,48.0,0.0,151.79999999999998,94.66666666666666
12524,32.0,1,0,1,500,490.0,128.0,628.9333333333333,410.0
12526,0.0,0,1,0,200,8.0,0.0,77.66666666666666,55.33333333333333
12527,0.0,0,0,0,0,24.0,0.0,0.0,0.0
12528,43.0,0,0,1,400,374.0,225.0,593.0,468.0
12531,0.0,1,0,0,100,158.0,124.0,190.0,135.33333333333331
12533,44.0,0,1,2,1000,830.0,637.0,1527.5333333333333,1180.6666666666663
12534,67.0,0,0,1,400,566.0,184.0,615.1999999999999,450.6666666666666
12538,61.0,0,0,0,0,461.0,274.0,460.8666666666666,334.66666666666663
12540,25.0,1,0,1,500,187.0,104.0,575.5333333333333,378.6666666666666
12542,0.0,2,0,0,200,167.0,109.0,256.2,180.66666666666663
12545,0.0,1,0,0,100,100.0,44.0,117.33333333333331,78.0
12546,3.0,1,0,0,100,29.0,29.0,113.4,81.33333333333333
12547,0.0,1,0,0,100,142.0,90.0,187.13333333333333,111.33333333333331
12549,0.0,1,0,0,100,558.0,366.0,643.0,280.0
12550,96.0,1,0,5,2100,1289.0,741.0,2756.4,1886.6666666666663
12553,0.0,0,0,1,400,945.0,697.0,1257.3333333333333,763.3333333333333
12561,0.0,0,0,1,400,378.0,222.0,534.0,375.3333333333333
12563,37.0,0,0,0,0,232.0,81.0,240.46666666666664,118.0
12564,0.0,1,1,0,300,142.0,123.0,396.8666666666666,228.0
12565,0.0,0,1,0,200,18.0,18.0,110.6,109.33333333333331
12566,0.0,0,0,2,800,148.0,63.0,584.5999999999999,420.0
12569,14.0,0,1,1,600,196.0,50.0,466.26666666666665,364.0
12570,0.0,0,0,2,800,72.0,0.0,374.4666666666667,339.3333333333333
12571,0.0,1,1,0,300,192.0,58.0,386.06666666666666,181.3333333333333
12572,0.0,1,0,0,100,217.0,102.0,291.3333333333333,94.66666666666666
12575,4.0,1,0,0,100,24.0,0.0,72.2,54.0
12577,0.0,1,0,0,100,16.0,0.0,63.8,36.0
12578,0.0,1,0,0,100,32.0,0.0,56.6,20.0
12580,0.0,0,0,1,400,24.0,0.0,177.26666666666665,132.66666666666666
12581,0.0,0,1,0,200,48.0,40.0,92.79999999999998,104.66666666666666
12582,0.0,1,1,0,300,64.0,0.0,191.26666666666665,107.33333333333331
12583,0.0,1,0,0,100,16.0,0.0,101.7,26.0
12585,0.0,1,0,0,100,16.0,0.0,17.733333333333334,14.666666666666666
12586,0.0,0,1,2,1000,197.0,93.0,738.6,586.0
12589,20.0,1,0,3,1300,288.0,20.0,890.7333333333332,689.3333333333333
12590,40.0,0,1,1,600,897.0,518.0,1285.0666666666666,857.3333333333333
12594,0.0,0,0,0,0,251.0,214.0,85.59999999999998,38.66666666666666
12601,0.0,0,0,4,1600,1466.0,924.0,3024.1,1596.0
12603,47.0,0,0,4,1600,1281.0,605.0,1838.1333333333328,1451.3333333333333
12604,0.0,0,0,0,0,56.0,56.0,0.0,0.0
12701,0.0,0,0,1,400,690.0,287.0,852.4,463.3333333333333
12719,0.0,1,0,0,100,15.0,15.0,22.666666666666664,31.33333333333333
12720,0.0,1,0,0,100,8.0,0.0,12.466666666666663,0.0
12721,0.0,0,1,2,1000,16.0,0.0,538.9333333333333,494.6666666666666
12723,0.0,1,0,0,100,8.0,0.0,38.66666666666666,10.0
12725,0.0,1,0,0,100,24.0,0.0,21.33333333333333,16.666666666666664
12726,0.0,0,1,0,200,8.0,0.0,79.8,86.0
12729,0.0,0,0,1,400,40.0,0.0,140.7,116.0
12732,0.0,1,0,0,100,8.0,0.0,22.6,12.666666666666666
12737,11.0,1,0,0,100,56.0,0.0,81.53333333333333,60.66666666666666
12738,0.0,1,0,0,100,8.0,0.0,25.9,0.0
12740,0.0,1,0,0,100,68.0,0.0,72.46666666666667,44.0
12742,0.0,0,0,0,0,98.0,98.0,0.0,0.0
12745,0.0,0,0,0,0,24.0,0.0,0.0,0.0
12747,0.0,0,1,0,200,8.0,0.0,170.1,38.0
12748,0.0,1,0,0,100,8.0,0.0,53.06666666666666,6.666666666666666
12754,0.0,0,0,2,800,549.0,89.0,916.4,458.0
12758,0.0,1,0,0,100,149.0,149.0,196.9333333333333,168.0
12762,0.0,0,0,0,0,24.0,24.0,6.9,0.0
12764,0.0,1,0,0,100,8.0,0.0,61.73333333333333,28.0
12771,11.0,1,0,1,500,409.0,219.0,648.1333333333333,480.0
12775,0.0,0,1,0,200,41.0,32.0,94.93333333333334,95.33333333333331
12788,0.0,0,0,0,0,208.0,200.0,96.06666666666666,44.0
12789,0.0,0,1,0,200,16.0,0.0,184.5,94.66666666666666
12790,0.0,0,0,1,400,114.0,22.0,184.2,155.33333333333331
12791,0.0,1,0,0,100,32.0,0.0,41.73333333333333,8.666666666666666
12801,0.0,0,0,2,800,410.0,251.0,1100.2,528.6666666666666
12803,0.0,0,0,2,800,322.0,0.0,448.8666666666666,350.66666666666663
12804,54.0,0,1,1,600,811.0,466.0,1127.8666666666666,820.0
12809,0.0,0,0,1,400,32.0,0.0,177.33333333333331,140.66666666666666
12812,0.0,0,0,0,0,16.0,0.0,0.0,0.0
12814,0.0,1,0,0,100,20.0,0.0,25.4,11.333333333333332
12816,0.0,1,0,0,100,84.0,40.0,176.86666666666667,78.66666666666666
12817,0.0,1,0,0,100,47.0,47.0,59.8,27.33333333333333
12821,0.0,1,0,0,100,8.0,0.0,16.7,4.0
12822,0.0,0,1,1,600,60.0,0.0,457.4,282.0
12828,0.0,0,0,1,400,288.0,202.0,530.6,226.66666666666663
12831,15.0,0,1,3,1400,293.0,101.0,1036.1999999999998,816.0
12832,0.0,0,0,1,400,72.0,0.0,432.1,170.0
12833,0.0,0,0,1,400,35.0,19.0,253.8,207.3333333333333
12834,0.0,0,0,1,400,84.0,0.0,276.8666666666667,187.3333333333333
12839,0.0,0,1,1,600,343.0,102.0,880.1,307.3333333333333
12842,0.0,1,0,0,100,16.0,0.0,33.7,17.333333333333332
12845,0.0,0,0,1,400,33.0,0.0,167.79999999999998,140.0
12846,0.0,1,0,0,100,60.0,20.0,105.46666666666664,47.33333333333333
12849,0.0,0,0,0,0,37.0,21.0,20.3,20.666666666666664
12865,0.0,0,0,1,400,24.0,0.0,235.0,134.66666666666666
12866,0.0,0,0,2,800,981.0,445.0,1295.0666666666666,831.3333333333333
12870,0.0,1,0,0,100,30.0,0.0,64.06666666666666,30.0
12871,0.0,1,1,0,300,24.0,0.0,190.2,122.66666666666666
12883,0.0,0,0,1,400,111.0,79.0,249.8,219.3333333333333
12885,1.0,0,1,0,200,122.0,76.0,323.0,94.66666666666666
12887,8.0,0,0,1,400,71.0,39.0,408.0,246.66666666666663
12901,14.0,0,0,3,1200,730.0,245.0,1714.2,858.6666666666666
12903,0.0,0,0,0,0,181.0,181.0,80.79999999999998,46.0
12912,0.0,1,0,0,100,44.0,20.0,112.7,24.0
12913,0.0,0,0,0,0,60.0,32.0,52.46666666666667,24.666666666666664
12914,0.0,1,0,0,100,16.0,0.0,60.2,27.33333333333333
12916,0.0,2,0,0,200,64.0,20.0,207.4,76.0
12918,0.0,0,1,0,200,32.0,0.0,136.59999999999997,58.66666666666666
12919,0.0,0,1,0,200,49.0,17.0,160.1,116.0
12920,0.0,0,1,0,200,44.0,0.0,126.13333333333333,94.66666666666666
12921,0.0,0,0,1,400,97.0,15.0,199.53333333333333,198.66666666666663
12923,0.0,1,0,0,100,16.0,0.0,40.2,23.33333333333333
12926,0.0,0,0,1,400,32.0,0.0,199.6,133.33333333333331
12929,0.0,1,0,0,100,8.0,0.0,63.0,42.66666666666666
12932,0.0,0,0,0,0,64.0,64.0,33.599999999999994,16.666666666666664
12934,0.0,0,1,0,200,8.0,0.0,103.5,54.66666666666666
12935,0.0,1,0,0,100,34.0,18.0,98.2,34.0
12936,0.0,1,0,0,100,16.0,0.0,21.4,8.0
12937,0.0,0,1,0,200,16.0,0.0,140.2,50.66666666666666
12939,4.0,0,0,0,0,24.0,0.0,6.666666666666666,4.0
12941,0.0,1,0,0,100,16.0,0.0,55.266666666666666,32.0
12942,0.0,0,0,0,0,30.0,30.0,14.1,8.666666666666666
12943,1.0,0,0,0,0,8.0,0.0,3.2,0.6666666666666666
12944,6.0,1,0,0,100,155.0,119.0,260.9,88.66666666666666
12946,20.0,1,0,0,100,201.0,24.0,216.46666666666664,93.33333333333331
12950,0.0,1,0,0,100,32.0,0.0,39.8,18.0
12953,21.0,0,1,1,600,343.0,163.0,784.2,483.3333333333333
12956,0.0,1,0,0,100,20.0,20.0,60.6,38.66666666666666
12958,0.0,1,0,0,100,32.0,0.0,123.6,28.0
12959,0.0,1,0,0,100,8.0,0.0,93.4,47.33333333333333
12960,0.0,2,0,0,200,16.0,0.0,52.5,64.0
12962,0.0,0,0,1,400,122.0,0.0,260.06666666666666,174.0
12972,0.0,0,1,1,600,88.0,0.0,382.4,284.0
12974,0.0,0,1,0,200,54.0,0.0,96.0,88.66666666666666
12977,0.0,0,0,0,0,40.0,40.0,0.0,0.0
12979,15.0,0,0,0,0,136.0,78.0,139.93333333333334,92.66666666666666
12981,6.0,1,0,0,100,134.0,0.0,131.66666666666666,55.33333333333333
12983,0.0,0,0,1,400,201.0,90.0,316.6,234.0
12985,4.0,0,0,0,0,40.0,0.0,39.9,3.333333333333333
12986,0.0,1,0,0,100,128.0,56.0,204.8,96.0
12992,0.0,0,0,1,400,48.0,0.0,230.1,148.0
12993,0.0,0,0,0,0,92.0,40.0,52.86666666666666,28.0
12996,0.0,1,0,0,100,35.0,35.0,96.2,38.66666666666666
13020,0.0,1,0,0,100,8.0,0.0,6.0,6.0
13021,84.0,0,0,3,1200,1573.0,754.0,1717.3333333333333,1437.3333333333333
13027,0.0,0,0,5,2000,859.0,288.0,1920.8666666666668,1275.3333333333333
13029,2.0,0,0,2,800,76.0,0.0,514.1999999999999,401.3333333333333
13030,0.0,0,0,1,400,16.0,0.0,253.73333333333332,126.66666666666666
13031,55.0,0,0,2,800,346.0,132.0,761.3333333333333,586.6666666666666
13032,19.0,1,0,1,500,222.0,101.0,572.1333333333333,369.3333333333333
13033,11.0,0,1,0,200,195.0,25.0,204.13333333333333,136.0
13035,0.0,1,0,0,100,236.0,146.0,288.5333333333333,168.66666666666666
13036,24.0,0,1,1,600,238.0,0.0,442.19999999999993,324.0
13037,0.0,0,1,1,600,163.0,33.0,490.8,329.3333333333333
13039,50.0,1,0,1,500,627.0,355.0,863.5333333333333,654.6666666666666
13041,0.0,0,0,1,400,302.0,168.0,658.5333333333333,344.66666666666663
13044,0.0,0,0,1,400,79.0,0.0,162.66666666666666,152.0
13045,60.0,1,0,1,500,944.0,532.0,1097.4,841.3333333333333
13052,0.0,0,1,0,200,8.0,0.0,91.2,72.0
13053,0.0,1,0,0,100,186.0,170.0,203.53333333333333,214.0
13054,0.0,1,0,0,100,74.0,0.0,71.46666666666665,20.666666666666664
13057,91.0,0,0,0,0,655.0,279.0,541.8666666666666,369.3333333333333
13060,0.0,0,0,1,400,61.0,0.0,140.93333333333334,138.66666666666666
13063,0.0,1,0,0,100,56.0,0.0,40.6,20.0
13066,12.0,0,0,2,800,378.0,155.0,632.9333333333333,566.6666666666666
13068,4.0,0,1,0,200,129.0,0.0,195.46666666666664,104.0
13069,45.0,0,0,4,1600,563.0,162.0,1863.4,1006.6666666666666
13071,0.0,1,0,0,100,16.0,0.0,52.39999999999999,47.33333333333333
13073,17.0,0,1,1,600,147.0,60.0,403.9333333333333,376.6666666666666
13074,0.0,0,0,1,400,40.0,0.0,322.2,136.66666666666666
13076,0.0,0,1,0,200,16.0,0.0,134.2,57.33333333333333
13077,0.0,0,0,1,400,116.0,0.0,266.46666666666664,145.33333333333331
13078,0.0,0,0,2,800,24.0,0.0,604.8,393.3333333333333
13080,0.0,0,0,1,400,24.0,0.0,146.86666666666667,134.0
13084,0.0,0,1,0,200,91.0,35.0,235.8,94.0
13088,0.0,0,0,1,400,848.0,393.0,829.0666666666666,592.0
13090,100.0,1,0,3,1300,1159.0,296.0,1478.5333333333333,1045.3333333333333
13092,0.0,0,0,1,400,8.0,0.0,196.06666666666663,106.66666666666666
13101,0.0,0,1,0,200,64.0,0.0,260.9,76.66666666666666
13104,1.0,0,0,1,400,518.0,349.0,841.8666666666666,549.3333333333333
13108,4.0,1,0,0,100,149.0,53.0,223.86666666666667,106.66666666666666
13112,0.0,0,1,0,200,8.0,0.0,113.4,60.0
13114,5.0,0,0,1,400,97.0,0.0,357.06666666666666,204.66666666666663
13116,0.0,1,0,0,100,112.0,28.0,170.66666666666666,74.66666666666666
13118,0.0,0,1,0,200,84.0,37.0,224.6,121.33333333333331
13120,0.0,0,1,0,200,44.0,8.0,138.3,84.0
13126,4.0,0,0,4,1600,629.0,257.0,1561.5333333333333,1050.6666666666663
13131,0.0,0,0,1,400,8.0,0.0,139.73333333333332,112.0
13132,0.0,0,1,0,200,8.0,0.0,130.6,84.0
13135,23.0,0,0,1,400,244.0,126.0,366.1333333333333,348.66666666666663
13142,0.0,0,0,1,400,56.0,0.0,230.8,157.33333333333331
13143,5.0,1,0,0,100,166.0,106.0,270.9,139.33333333333331
13145,0.0,0,1,0,200,66.0,0.0,147.0,80.0
13146,0.0,0,1,0,200,24.0,0.0,184.1,90.0
13148,0.0,1,0,1,500,235.0,117.0,707.3,340.66666666666663
13152,0.0,0,0,1,400,210.0,84.0,349.7333333333333,261.3333333333333
13153,0.0,1,0,0,100,8.0,0.0,42.33333333333333,30.0
13155,0.0,1,0,0,100,10.0,0.0,36.2,14.666666666666666
13159,0.0,0,0,1,400,146.0,18.0,233.26666666666665,166.66666666666666
13160,0.0,2,0,0,200,26.0,0.0,126.13333333333333,70.0
13164,0.0,0,0,1,400,16.0,0.0,204.0,137.33333333333331
13165,12.0,0,1,1,600,218.0,84.0,666.6,396.0
13166,0.0,0,0,1,400,48.0,0.0,240.73333333333332,160.0
13167,0.0,2,0,0,200,20.0,20.0,131.46666666666664,84.66666666666666
13202,0.0,0,0,1,400,252.0,220.0,614.7,382.6666666666666
13203,40.0,1,0,1,500,527.0,260.0,1066.3,496.6666666666666
13204,0.0,0,0,3,1200,889.0,478.0,1987.3,852.0
13205,0.0,0,1,3,1400,592.0,153.0,1586.9,850.6666666666666
13206,0.0,1,0,3,1300,252.0,58.0,1314.2,704.0
13207,0.0,0,0,3,1200,417.0,153.0,1109.7,751.3333333333333
13208,0.0,0,0,5,2000,625.0,295.0,2470.5,1214.0
13209,0.0,0,0,3,1200,233.0,75.0,941.9,611.3333333333333
13210,14.0,1,0,2,900,313.0,154.0,858.2,617.3333333333333
13211,0.0,0,0,1,400,76.0,36.0,459.1,204.0
13212,17.0,0,0,2,800,388.0,128.0,1204.7,527.3333333333333
13214,45.0,1,0,0,100,378.0,209.0,440.26666666666665,304.0
13215,22.0,0,0,1,400,396.0,286.0,672.0,508.0
13219,38.0,0,0,2,800,242.0,178.0,750.3999999999999,616.0
13224,0.0,0,0,0,0,699.0,483.0,502.0,343.3333333333333
13244,0.0,0,0,0,0,111.0,111.0,0.0,0.0
13303,0.0,1,0,0,100,8.0,0.0,41.66666666666666,22.0
13304,0.0,0,1,0,200,24.0,16.0,108.53333333333332,115.33333333333331
13309,0.0,0,0,1,400,32.0,0.0,237.6,173.33333333333331
13315,0.0,1,0,0,100,38.0,30.0,75.39999999999999,52.0
13316,0.0,0,0,1,400,66.0,42.0,421.1,197.3333333333333
13317,0.0,1,0,1,500,24.0,0.0,451.6,211.3333333333333
13318,0.0,1,0,0,100,8.0,0.0,75.8,44.66666666666666
13319,0.0,0,0,0,0,8.0,0.0,7.5,0.0
13321,0.0,1,0,0,100,16.0,0.0,40.6,0.0
13323,0.0,0,1,0,200,288.0,162.0,338.5333333333333,237.3333333333333
13326,0.0,0,0,0,0,195.0,135.0,114.93333333333334,73.33333333333333
13327,0.0,0,0,1,400,8.0,0.0,218.4,85.33333333333333
13329,0.0,1,1,0,300,26.0,0.0,260.8,104.0
13332,0.0,0,1,1,600,8.0,0.0,394.3,251.3333333333333
13338,0.0,1,0,0,100,8.0,0.0,89.6,13.333333333333332
13339,0.0,0,0,2,800,80.0,0.0,578.8,331.3333333333333
13340,1.0,1,0,1,500,80.0,8.0,395.1333333333333,258.66666666666663
13343,0.0,1,0,0,100,16.0,16.0,72.06666666666666,44.66666666666666
13346,0.0,1,0,0,100,146.0,90.0,189.0,123.33333333333331
13348,0.0,1,0,0,100,8.0,0.0,70.0,48.66666666666666
13350,0.0,0,0,1,400,135.0,79.0,424.2,190.0
13355,0.0,0,1,0,200,16.0,0.0,77.5,77.33333333333333
13357,0.0,0,0,2,800,148.0,0.0,851.1,282.66666666666663
13365,0.0,0,0,2,800,184.0,45.0,812.3,384.6666666666666
13367,0.0,0,0,1,400,261.0,117.0,384.73333333333335,301.3333333333333
13368,0.0,1,0,0,100,38.0,30.0,95.4,62.0
13402,0.0,1,0,0,100,10.0,0.0,58.9,26.666666666666664
13403,0.0,0,1,1,600,136.0,80.0,299.3333333333333,372.0
13407,0.0,0,0,1,400,67.0,0.0,327.6,144.66666666666666
13408,0.0,1,0,0,100,89.0,66.0,143.7,64.0
13409,0.0,1,0,0,100,96.0,0.0,89.6,33.33333333333333
13411,0.0,0,1,0,200,81.0,17.0,172.7,104.66666666666666
13413,0.0,0,0,1,400,374.0,206.0,668.3999999999999,338.66666666666663
13416,0.0,0,1,0,200,16.0,0.0,119.86666666666667,92.0
13417,0.0,2,0,0,200,20.0,0.0,105.3,53.33333333333333
13420,0.0,0,0,0,0,41.0,30.0,11.0,14.666666666666666
13421,15.0,0,1,1,600,354.0,149.0,952.4,464.0
13424,0.0,0,0,0,0,274.0,96.0,96.06666666666666,88.0
13431,0.0,0,1,0,200,32.0,0.0,95.2,63.33333333333333
13435,0.0,1,0,0,100,8.0,0.0,30.4,18.0
13439,0.0,0,0,1,400,15.0,15.0,280.5,162.66666666666666
13440,49.0,1,0,6,2500,781.0,175.0,3006.5,1474.0
13441,0.0,0,0,0,0,84.0,84.0,0.0,0.0
13452,0.0,0,0,1,400,36.0,20.0,373.3,188.66666666666663
13456,0.0,0,0,1,400,16.0,0.0,260.7333333333333,170.0
13459,0.0,0,1,0,200,36.0,20.0,169.1,72.0
13460,0.0,0,0,1,400,56.0,0.0,345.5,127.33333333333331
13461,0.0,0,0,1,400,68.0,0.0,150.66666666666666,144.0
13469,0.0,1,0,0,100,16.0,0.0,41.73333333333333,12.0
13473,2.0,1,0,0,100,60.0,0.0,79.46666666666665,52.0
13478,8.0,0,1,0,200,88.0,0.0,90.86666666666667,108.0
13480,0.0,0,1,0,200,52.0,0.0,166.46666666666664,92.66666666666666
13490,0.0,0,0,0,0,94.0,94.0,72.86666666666666,87.33333333333333
13491,0.0,0,0,1,400,56.0,18.0,184.3333333333333,152.0
13492,28.0,0,0,1,400,246.0,106.0,515.8,334.0
13495,0.0,0,1,0,200,32.0,0.0,171.2,95.33333333333331
13501,69.0,0,1,5,2200,1571.0,862.0,3839.2,1778.6666666666663
13502,41.0,1,0,6,2500,486.0,209.0,2720.1,1500.0
13601,94.0,0,0,5,2000,1987.0,650.0,3206.8,1743.3333333333333
13605,0.0,0,0,1,400,127.0,0.0,352.7333333333333,132.66666666666666
13606,13.0,1,0,0,100,77.0,17.0,129.6,80.0
13608,0.0,0,1,0,200,50.0,0.0,138.8,78.0
13611,0.0,1,0,0,100,8.0,0.0,31.73333333333333,19.33333333333333
13612,0.0,2,0,0,200,36.0,0.0,112.33333333333331,62.66666666666666
13613,0.0,1,0,0,100,74.0,57.0,171.3,98.0
13615,8.0,0,0,0,0,76.0,0.0,12.0,8.0
13616,0.0,1,0,0,100,84.0,0.0,63.5,35.33333333333333
13617,5.0,0,0,1,400,259.0,97.0,397.19999999999993,302.0
13619,19.0,0,1,1,600,463.0,89.0,806.9,407.3333333333333
13620,9.0,0,1,0,200,126.0,31.0,239.9,139.33333333333331
13622,0.0,0,1,0,200,8.0,0.0,122.06666666666666,64.0
13624,0.0,1,1,0,300,62.0,20.0,147.66666666666666,148.0
13625,39.0,0,0,0,0,198.0,0.0,82.6,38.66666666666666
13626,0.0,0,1,0,200,133.0,0.0,101.73333333333332,84.66666666666666
13630,18.0,0,0,0,0,240.0,0.0,79.19999999999999,18.0
13634,0.0,0,1,0,200,41.0,17.0,206.8,104.66666666666666
13637,0.0,0,1,1,600,187.0,34.0,447.2,312.66666666666663
13642,0.0,0,0,2,800,98.0,42.0,586.8,403.3333333333333
13646,0.0,0,1,0,200,16.0,0.0,163.9,66.66666666666666
13648,0.0,1,0,0,100,44.0,36.0,81.66666666666666,33.33333333333333
13652,24.0,0,1,0,200,333.0,0.0,232.4,123.33333333333331
13654,0.0,0,1,0,200,48.0,0.0,216.0,93.33333333333331
13655,0.0,0,1,0,200,113.0,113.0,303.9,136.66666666666666
13656,0.0,0,0,1,400,149.0,0.0,393.4,161.33333333333331
13658,0.0,2,0,0,200,24.0,0.0,108.06666666666666,54.0
13660,0.0,0,1,0,200,16.0,0.0,184.7,98.0
13662,0.0,1,0,2,900,227.0,149.0,1109.5,418.0
13668,0.0,0,1,0,200,70.0,46.0,169.9333333333333,132.66666666666666
13669,0.0,0,0,3,1200,255.0,17.0,883.5333333333333,540.6666666666666
13672,0.0,0,0,0,0,320.0,17.0,22.9,4.0
13673,0.0,0,0,1,400,144.0,0.0,205.0,134.0
13676,23.0,1,0,1,500,242.0,176.0,598.4666666666667,448.6666666666666
13685,0.0,1,0,0,100,20.0,0.0,73.93333333333334,45.33333333333333
13691,0.0,0,0,1,400,100.0,0.0,165.33333333333331,137.33333333333331
13694,0.0,0,1,0,200,8.0,0.0,92.3,57.33333333333333
13730,0.0,0,1,0,200,8.0,0.0,183.8,81.33333333333333
13732,0.0,1,0,1,500,126.0,24.0,360.06666666666666,257.3333333333333
13733,0.0,1,1,0,300,33.0,17.0,282.1,122.66666666666666
13739,0.0,1,0,0,100,8.0,0.0,25.9,16.0
13740,0.0,0,0,0,0,44.0,44.0,23.0,7.333333333333333
13743,4.0,1,0,0,100,38.0,8.0,115.86666666666667,62.0
13746,0.0,1,0,0,100,8.0,0.0,77.53333333333333,48.66666666666666
13750,0.0,1,0,0,100,24.0,0.0,30.6,22.666666666666664
13751,0.0,1,0,0,100,8.0,0.0,49.0,38.66666666666666
13753,0.0,1,0,0,100,139.0,89.0,171.4,114.0
13754,3.0,1,0,0,100,52.0,52.0,154.4,69.33333333333333
13757,0.0,1,0,0,100,8.0,0.0,53.53333333333333,12.666666666666666
13760,74.0,0,0,4,1600,1258.0,686.0,2089.866666666667,1560.0
13774,0.0,0,0,0,0,19.0,19.0,2.6666666666666665,3.333333333333333
13775,18.0,0,0,0,0,132.0,18.0,52.39999999999999,35.33333333333333
13776,0.0,0,0,0,0,40.0,0.0,15.8,0.0
13778,0.0,1,0,1,500,118.0,17.0,297.2,250.0
13782,0.0,1,0,0,100,16.0,0.0,26.2,8.666666666666666
13783,12.0,0,0,0,0,190.0,0.0,104.8,12.0
13784,0.0,1,0,0,100,16.0,0.0,18.0,14.0
13787,0.0,0,1,0,200,63.0,31.0,240.6,87.33333333333333
13790,0.0,0,0,2,800,646.0,414.0,1324.8,710.0
13795,0.0,2,0,0,200,16.0,0.0,130.4,59.33333333333333
13796,0.0,1,0,0,100,8.0,0.0,63.5,42.66666666666666
13802,0.0,1,0,0,100,20.0,0.0,49.2,26.0
13803,0.0,1,0,1,500,58.0,38.0,492.3,250.66666666666663
13807,0.0,1,0,0,100,8.0,0.0,52.8,21.33333333333333
13808,0.0,1,0,0,100,17.0,17.0,64.53333333333333,34.666666666666664
13810,0.0,1,0,0,100,16.0,0.0,35.666666666666664,37.33333333333333
13811,0.0,0,0,1,400,32.0,16.0,216.0,201.3333333333333
13812,0.0,1,0,0,100,48.0,32.0,145.0,34.666666666666664
13815,0.0,0,0,2,800,372.0,75.0,851.5,444.6666666666666
13820,0.0,1,0,0,100,496.0,434.0,572.1333333333333,376.0
13825,0.0,0,1,0,200,16.0,0.0,169.3,96.66666666666666
13827,19.0,0,0,1,400,242.0,174.0,544.1333333333333,392.6666666666666
13830,0.0,0,0,1,400,85.0,17.0,362.8,96.66666666666666
13838,53.0,0,0,0,0,287.0,234.0,339.5,169.33333333333331
13839,0.0,0,1,0,200,8.0,0.0,125.2,44.66666666666666
13842,1.0,0,0,0,0,8.0,0.0,4.9,0.6666666666666666
13849,0.0,1,1,0,300,52.0,20.0,222.7,146.66666666666666
13850,81.0,0,1,0,200,963.0,537.0,1074.9333333333334,717.3333333333333
13856,0.0,0,0,1,400,127.0,55.0,403.5,198.66666666666663
13862,0.0,1,0,0,100,191.0,118.0,261.3,58.0
13863,0.0,1,0,0,100,8.0,0.0,26.8,12.0
13864,0.0,0,1,0,200,8.0,0.0,72.2,78.66666666666666
13865,0.0,0,1,1,600,76.0,0.0,263.26666666666665,258.0
13901,0.0,0,0,3,1200,473.0,248.0,1541.7,822.0
13902,0.0,0,0,0,0,47.0,47.0,0.0,0.0
13903,20.0,0,0,2,800,378.0,196.0,833.9333333333334,616.0
13904,0.0,0,0,2,800,112.0,16.0,746.7,250.66666666666663
13905,1.0,0,1,2,1000,535.0,245.0,1261.6,745.3333333333333
14001,0.0,0,0,1,400,162.0,142.0,425.5333333333333,164.66666666666666
14004,0.0,0,0,2,800,155.0,112.0,577.8,476.6666666666666
14005,0.0,0,1,0,200,55.0,0.0,103.6,67.33333333333333
14006,0.0,1,0,1,500,152.0,56.0,423.0,304.66666666666663
14009,0.0,0,0,1,400,122.0,122.0,363.7,185.3333333333333
14011,12.0,1,0,1,500,140.0,0.0,298.46666666666664,261.3333333333333
14012,0.0,0,0,1,400,8.0,0.0,263.5,108.0
14020,0.0,0,0,2,800,735.0,428.0,1447.9,615.3333333333333
14024,0.0,0,1,0,200,8.0,0.0,117.53333333333332,63.33333333333333
14025,0.0,1,0,0,100,114.0,54.0,126.66666666666666,98.0
14031,0.0,0,0,1,400,123.0,47.0,380.9333333333333,119.33333333333331
14032,11.0,0,1,1,600,132.0,48.0,589.4666666666667,358.66666666666663
14036,0.0,0,0,1,400,59.0,11.0,192.9333333333333,192.66666666666663
14040,0.0,1,0,0,100,53.0,46.0,104.93333333333334,90.66666666666666
14042,0.0,0,0,1,400,39.0,39.0,343.4,175.33333333333331
14043,74.0,0,1,0,200,849.0,671.0,1122.4,759.3333333333333
14047,0.0,1,0,0,100,178.0,148.0,214.66666666666663,188.0
14048,8.0,0,0,1,400,496.0,336.0,904.0,511.3333333333333
14051,56.0,1,0,2,900,384.0,216.0,1015.0,722.0
14052,22.0,0,0,1,400,329.0,183.0,679.4666666666667,404.6666666666666
14057,0.0,0,0,1,400,107.0,68.0,349.1333333333333,248.66666666666663
14058,0.0,0,0,1,400,40.0,0.0,209.6,172.0
14059,0.0,0,1,1,600,339.0,168.0,554.1333333333333,466.0
14063,0.0,1,0,0,100,336.0,260.0,410.06666666666666,293.3333333333333
14066,0.0,1,0,0,100,70.0,0.0,60.5,23.33333333333333
14067,0.0,0,1,0,200,72.0,16.0,250.7,102.66666666666666
14068,0.0,0,0,0,0,590.0,412.0,439.6,280.66666666666663
14070,0.0,0,1,1,600,84.0,36.0,590.3,312.66666666666663
14072,53.0,0,0,1,400,841.0,544.0,968.1333333333332,796.6666666666666
14075,59.0,0,0,3,1200,915.0,517.0,1842.0666666666664,1176.0
14080,5.0,0,1,0,200,107.0,65.0,199.8,169.33333333333331
14081,0.0,0,0,0,0,488.0,358.0,192.5,58.66666666666666
14082,0.0,1,0,0,100,8.0,0.0,48.33333333333333,11.333333333333332
14085,0.0,0,0,1,400,211.0,153.0,487.9333333333333,275.3333333333333
14086,97.0,0,0,3,1200,740.0,502.0,1605.6666666666663,1198.6666666666663
14091,0.0,0,1,0,200,8.0,0.0,160.1,68.0
14092,29.0,1,0,0,100,177.0,136.0,305.79999999999995,212.66666666666663
14094,31.0,0,0,5,2000,1403.0,726.0,2475.9333333333334,1756.6666666666663
14103,0.0,0,1,1,600,250.0,135.0,820.7,395.3333333333333
14105,0.0,1,0,1,500,8.0,0.0,289.6,241.3333333333333
14108,4.0,0,1,1,600,46.0,0.0,332.8666666666667,304.0
14111,0.0,0,1,0,200,16.0,0.0,144.33333333333331,78.0
14120,90.0,0,0,5,2000,968.0,584.0,1932.6,1673.3333333333333
14127,84.0,0,0,1,400,1125.0,827.0,1537.7999999999995,1110.6666666666663
14131,0.0,0,0,0,0,210.0,150.0,201.2,137.33333333333331
14132,0.0,0,0,1,400,101.0,51.0,358.5333333333333,134.0
14136,0.0,0,0,1,400,16.0,0.0,301.0,156.0
14138,0.0,1,0,0,100,66.0,26.0,141.7,55.33333333333333
14141,0.0,0,0,0,0,465.0,402.0,401.4,264.66666666666663
14145,0.0,2,0,0,200,32.0,0.0,76.4,70.66666666666666
14150,130.0,0,0,0,0,1493.0,990.0,1622.8666666666668,1116.0
14171,0.0,1,0,0,100,40.0,20.0,58.53333333333333,50.0
14172,0.0,0,1,0,200,16.0,0.0,134.39999999999998,84.0
14173,0.0,0,0,0,0,40.0,0.0,5.799999999999999,0.0
14174,0.0,1,0,0,100,214.0,164.0,267.3333333333333,190.0
14201,83.0,0,0,1,400,596.0,282.0,1078.9,506.0
14202,21.0,0,0,0,0,253.0,75.0,127.26666666666668,95.33333333333331
14203,0.0,0,0,0,0,230.0,210.0,66.8,42.66666666666666
14204,37.0,0,0,1,400,410.0,76.0,521.9,312.66666666666663
14206,42.0,0,0,3,1200,308.0,162.0,1549.5,622.6666666666666
14207,0.0,0,0,5,2000,830.0,369.0,2719.5,1068.6666666666663
14208,12.0,0,1,1,600,467.0,156.0,723.4,467.3333333333333
14209,0.0,0,0,0,0,770.0,490.0,222.86666666666667,188.66666666666663
14210,0.0,0,0,1,400,824.0,523.0,1115.8,528.6666666666666
14211,6.0,0,1,5,2200,544.0,142.0,2727.7,1248.0
14212,0.0,0,0,3,1200,290.0,217.0,1398.5,718.0
14213,0.0,0,0,6,2400,478.0,176.0,2443.4,1358.0
14214,18.0,1,0,2,900,621.0,277.0,1492.9,744.6666666666666
14215,27.0,0,0,8,3200,1133.0,369.0,3944.7,1995.3333333333333
14216,43.0,1,0,4,1700,338.0,195.0,1011.4,1088.0
14217,0.0,0,1,1,600,401.0,334.0,983.6,576.6666666666666
14218,66.0,0,0,3,1200,636.0,432.0,1744.5,1097.3333333333333
14219,0.0,0,0,1,400,179.0,81.0,531.9,225.3333333333333
14220,12.0,1,0,3,1300,407.0,268.0,1719.0,897.3333333333333
14221,123.0,0,0,4,1600,2314.0,1153.0,2525.6,2075.333333333333
14222,18.000001995000016,0,0,2,800,201.0,201.0,520.8,618.6666666666666
14223,54.0,0,1,2,1000,515.0,265.0,924.2,818.6666666666666
14224,108.0,0,0,3,1200,763.0,594.0,1648.6666666666663,1302.0
14225,0.0,0,0,4,1600,755.0,460.0,2253.5,977.3333333333331
14226,62.0,0,0,2,800,1002.0,529.0,1444.3333333333333,990.6666666666666
14227,4.0,0,0,2,800,421.0,339.0,1224.7,705.3333333333333
14228,52.0,0,0,1,400,794.0,572.0,1135.7333333333331,823.3333333333333
14260,0.0,0,0,0,0,192.0,172.0,0.0,0.0
14301,24.0,1,0,1,500,388.0,170.0,787.3,443.3333333333333
14303,12.0,0,1,1,600,111.0,10.0,699.7,322.0
14304,63.0,0,1,2,1000,867.0,451.0,1929.3,824.0
14305,53.0,0,1,2,1000,590.0,49.0,1280.0,601.3333333333333
14411,0.0,1,0,1,500,140.0,88.0,573.1,181.3333333333333
14414,50.0,0,0,0,0,267.0,148.0,300.7333333333333,197.3333333333333
14416,0.0,1,1,0,300,80.0,36.0,167.66666666666666,146.66666666666666
14420,0.0,0,0,1,400,636.0,438.0,815.5333333333333,606.0
14423,0.0,0,0,1,400,116.0,44.0,244.4,184.0
14424,2.0,0,0,1,400,706.0,454.0,1030.1999999999998,656.0
14425,25.0,1,0,2,900,244.0,129.0,812.8,603.3333333333333
14432,39.0,0,0,0,0,337.0,154.0,362.4,192.66666666666663
14433,0.0,1,0,1,500,69.0,53.0,464.5,276.66666666666663
14437,0.0,0,0,1,400,394.0,24.0,496.6,201.3333333333333
14445,5.0,0,0,1,400,286.0,0.0,456.6,204.66666666666663
14450,25.0,0,0,4,1600,1388.0,627.0,2169.133333333333,1452.0
14456,71.0,0,1,1,600,784.0,367.0,1334.0,738.0
14464,0.0,0,0,2,800,55.0,28.0,482.7,344.0
14468,66.0,0,0,2,800,384.0,214.0,992.1333333333332,679.3333333333333
14470,18.0,0,0,1,400,135.0,80.0,527.8,297.3333333333333
14472,0.0,0,0,2,800,8.0,0.0,521.2666666666667,373.3333333333333
14476,0.0,0,1,0,200,116.0,16.0,153.06666666666666,107.33333333333331
14481,0.0,1,0,0,100,8.0,0.0,85.13333333333333,44.66666666666666
14486,0.0,1,0,0,100,8.0,0.0,16.6,9.333333333333332
14505,0.0,0,0,1,400,148.0,0.0,244.86666666666667,136.0
14510,42.0,0,0,0,0,310.0,290.0,351.8,178.66666666666666
14521,0.0,0,0,1,400,8.0,0.0,264.4,140.66666666666666
14525,0.0,0,1,0,200,91.0,0.0,130.39999999999998,98.66666666666666
14526,62.0,0,0,3,1200,779.0,202.0,1080.6,864.0
14532,0.0,0,0,1,400,215.0,56.0,250.46666666666664,193.3333333333333
14536,0.0,1,0,0,100,20.0,0.0,35.2,19.33333333333333
14541,0.0,0,0,1,400,8.0,0.0,191.6,130.66666666666666
14544,0.0,1,0,0,100,22.0,0.0,120.93333333333332,45.33333333333333
14545,0.0,1,0,0,100,16.0,0.0,6.0,6.0
14546,0.0,1,0,1,500,69.0,0.0,212.26666666666665,241.3333333333333
14560,0.0,1,0,0,100,16.0,0.0,83.66666666666666,41.33333333333333
14564,88.0,0,0,0,0,822.0,474.0,820.0,561.3333333333333
14568,0.0,0,0,1,400,117.0,0.0,262.3333333333333,142.0
14569,0.0,0,1,0,200,120.0,48.0,193.0,126.0
14580,74.0,0,0,4,1600,1056.0,712.0,2555.2,1585.3333333333333
14586,0.0,0,1,1,600,48.0,0.0,624.5333333333333,257.3333333333333
14589,0.0,0,1,1,600,110.0,84.0,422.9333333333333,374.6666666666666
14590,0.0,1,1,0,300,62.0,46.0,294.7,74.66666666666666
14608,25.0,0,1,0,200,764.0,420.0,988.8,484.0
14609,169.0,0,0,4,1600,2136.0,717.0,2990.1,1686.0
14612,30.0,0,1,4,1800,337.0,18.0,1558.6,947.3333333333331
14617,52.0,1,0,1,500,670.0,326.0,1066.7333333333331,627.3333333333333
14621,97.0,1,0,6,2500,1906.0,383.0,3259.9,1730.0
14622,25.0,0,0,2,800,211.0,34.0,569.4,458.6666666666666
14623,0.0,0,0,0,0,1368.0,1119.0,1007.6,534.6666666666666
14625,23.0,0,0,0,0,408.0,219.0,375.26666666666665,241.3333333333333
14717,0.0,1,0,0,100,24.0,0.0,18.8,10.666666666666666
14727,0.0,0,0,1,400,108.0,28.0,375.1,164.0
14731,7.0,0,0,0,0,84.0,35.0,54.8,42.0
14741,0.0,0,1,0,200,8.0,0.0,110.53333333333332,51.33333333333333
14747,0.0,0,0,1,400,15.0,0.0,176.8,104.0
14767,0.0,0,1,0,200,16.0,0.0,210.4,67.33333333333333
14770,0.0,0,1,0,200,70.0,15.0,233.9,91.33333333333331
14772,0.0,0,0,1,400,108.0,32.0,321.7,170.66666666666666
14774,3.0,0,0,0,0,62.0,0.0,22.93333333333333,2.6666666666666665
14805,0.0,1,0,0,100,8.0,0.0,32.2,20.666666666666664
14806,0.0,0,1,0,200,16.0,0.0,165.2,84.66666666666666
